"district","hour","act1","act2","act3","act4","act5"
"001","4am",9122.518,0,0,0,77.5584
"002","4am",15698.831,77.5584,149.4323,0,359.8908
"003","4am",20033.422,110.3449,0,0,58.3404
"004","4am",13239.059,392.0452,0,0,130.3884
"005","4am",15951.72,0,0,0,0
"006","4am",14798.553,657.4145,0,0,0
"007","4am",12810.223,203.8943,0,0,0
"008","4am",16385.541,201.9216,0,0,200.0994
"009","4am",14878.383,152.8278,0,0,0
"010","4am",13661.436,65.1883,0,0,127.5092
"011","4am",17411.213,0,0,0,564.4124
"012","4am",5752.958,0,0,0,0
"013","4am",16970.98,179.4982,0,0,178.2098
"014","4am",5399.657,36.7282,0,0,68.5853
"015","4am",13769.048,179.2546,0,0,30.4317
"016","4am",15691.641,446.8267,0,0,227.3498
"017","4am",5689.788,437.8731,0,0,23.9264
"018","4am",6055.841,303.5647,0,0,122.5162
"019","4am",11324.637,0,0,0,42.1968
"020","4am",18367.293,195.29,0,0,85.93
"021","4am",10917.953,171.7326,0,0,175.5824
"022","4am",12971.994,93.1572,0,0,59.8107
"023","4am",15910.097,515.7747,0,0,89.4912
"024","4am",19869.501,82.4662,0,0,110.3449
"025","4am",5615.203,206.2229,0,0,0
"026","4am",6652.499,0,0,0,0
"027","4am",10693.297,0,0,0,57.9552
"028","4am",9757.666,455.0552,0,0,0
"029","4am",9599.973,362.2195,0,0,0
"030","4am",17198.976,484.1827,0,0,0
"031","4am",10047.854,319.3003,0,0,0
"032","4am",11646.939,255.3345,0,0,35.8843
"033","4am",9005.931,101.3954,0,0,44.0683
"034","4am",10459.076,111.0767,0,0,150.6942
"035","4am",11973.316,0,0,0,0
"036","4am",20341.24,146.6548,0,0,111.8353
"037","4am",10986.582,0,0,0,0
"038","4am",15029.944,526.2427,85.9779,0,0
"039","4am",7453.468,132.6407,0,0,0
"040","4am",10967.803,109.9239,0,0,0
"041","4am",14952.702,286.469,0,0,0
"042","4am",8247.795,599.4752,0,0,0
"043","4am",15071.787,0,0,0,41.9147
"044","4am",7882.383,294.9536,0,0,107.7304
"045","4am",9729.158,54.7888,0,0,164.1266
"046","4am",9541.834,235.0254,0,0,0
"047","4am",11850,0,0,0,0
"048","4am",6235.503,0,0,0,0
"049","4am",10304.203,278.1486,0,0,42.1968
"050","4am",19513.579,152.502,0,0,183.7199
"051","4am",19176.023,126.9451,0,0,22.5344
"052","4am",13590.035,75.3679,0,0,151.1291
"053","4am",14050.497,0,0,0,0
"054","4am",19173.63,494.6969,0,0,36.2673
"055","4am",13102.093,0,0,0,0
"056","4am",8370.382,66.3375,0,0,71.9088
"057","4am",14823.211,106.0739,0,0,0
"058","4am",9272.322,0,0,0,0
"059","4am",13437.617,405.752,0,0,145.3454
"060","4am",11608.891,0,0,0,0
"061","4am",15709.039,104.1376,0,0,0
"062","4am",17704.327,253.5699,0,0,72.5629
"063","4am",5167.823,22.7125,0,0,0
"064","4am",16084.669,141.7857,0,0,77.5584
"065","4am",11034.866,178.1508,0,0,36.2673
"066","4am",14154.833,362.3288,0,0,0
"001","5am",9122.518,0,0,0,77.5584
"002","5am",15784.761,340.6345,149.4323,0,273.9608
"003","5am",20033.422,110.3449,0,0,58.3404
"004","5am",13186.576,392.0452,0,0,130.3884
"005","5am",15765.685,0,0,0,0
"006","5am",14638.894,892.9669,0,0,0
"007","5am",12606.544,159.4591,0,0,0
"008","5am",16172.717,245.9435,0,0,200.0994
"009","5am",14793.274,152.8278,0,0,0
"010","5am",13661.436,65.1883,0,0,127.5092
"011","5am",17216.679,98.0439,0,0,485.3949
"012","5am",5724.757,0,0,0,75.7502
"013","5am",16970.98,230.9816,0,0,178.2098
"014","5am",5399.657,126.9849,0,0,68.5853
"015","5am",13612.96,179.2546,0,0,30.4317
"016","5am",15691.641,593.4815,0,0,227.3498
"017","5am",5544.906,479.7878,0,0,23.9264
"018","5am",6012.551,444.4436,0,0,122.5162
"019","5am",11242.196,122.1462,0,0,42.1968
"020","5am",18190.32,195.29,0,0,85.93
"021","5am",10483.872,433.5434,0,0,241.5642
"022","5am",12908.322,93.1572,0,0,59.8107
"023","5am",15579.327,716.2244,0,0,147.8316
"024","5am",19869.501,269.0321,0,0,110.3449
"025","5am",5469.384,401.1781,0,0,0
"026","5am",6652.499,0,0,0,0
"027","5am",10468.996,0,0,0,57.9552
"028","5am",9581.191,637.355,0,0,0
"029","5am",9479.57,605.566,0,0,35.8843
"030","5am",16761.559,925.7447,0,0,0
"031","5am",10009.885,390.222,0,0,0
"032","5am",11486.631,388.3306,63.672,0,35.8843
"033","5am",8999.448,169.9807,0,0,44.0683
"034","5am",10154.792,293.6199,0,0,150.6942
"035","5am",11973.316,289.762,0,0,0
"036","5am",20228.445,146.6548,0,0,111.8353
"037","5am",10924.549,179.8014,0,0,0
"038","5am",14905.735,794.4886,85.9779,0,0
"039","5am",7414,132.6407,0,0,0
"040","5am",10723.336,234.673,0,0,0
"041","5am",14952.702,450.5707,0,0,0
"042","5am",7888.088,806.2166,0,0,0
"043","5am",14520.236,68.6409,0,0,41.9147
"044","5am",7559.192,386.9916,0,0,107.7304
"045","5am",9729.158,54.7888,0,0,164.1266
"046","5am",9482.031,343.4222,0,0,0
"047","5am",11767.019,0,0,0,0
"048","5am",6125.377,40.2831,0,0,0
"049","5am",10228.453,461.7878,0,0,42.1968
"050","5am",19289.756,296.9041,0,0,183.7199
"051","5am",19176.023,239.7396,0,0,22.5344
"052","5am",13590.035,244.3649,0,0,151.1291
"053","5am",13793.014,0,0,0,0
"054","5am",18893.32,494.6969,0,0,36.2673
"055","5am",13102.093,0,0,0,0
"056","5am",8309.488,154.8243,0,0,71.9088
"057","5am",14627.444,106.0739,0,0,0
"058","5am",9220.405,51.9173,0,0,0
"059","5am",13269.571,488.7323,0,0,145.3454
"060","5am",11354.862,0,0,0,0
"061","5am",15158.754,104.1376,0,0,0
"062","5am",17704.327,253.5699,0,0,72.5629
"063","5am",5134.733,22.7125,0,0,0
"064","5am",16084.669,141.7857,0,0,77.5584
"065","5am",10976.56,370.6439,0,0,36.2673
"066","5am",13907.636,841.659,0,0,0
"001","6am",8741.179,199.0427,0,0,110.8851
"002","6am",15612.901,652.6062,278.1024,0,197.9875
"003","6am",19812.382,405.6305,0,0,58.3404
"004","6am",12982.147,680.0891,0,0,199.8376
"005","6am",15418.653,242.7991,0,0,0
"006","6am",14457.111,1455.8332,0,0,93.1572
"007","6am",11765.835,361.9657,0,0,0
"008","6am",15145.981,584.1684,0,0,359.9977
"009","6am",14227.798,193.4631,0,0,0
"010","6am",13425.456,396.6585,0,0,127.5092
"011","6am",16800.221,98.0439,0,185.491,485.3949
"012","6am",5571.382,83.7689,81.1838,0,75.7502
"013","6am",16482.401,902.4333,0,0,256.8697
"014","6am",5208.717,126.9849,0,0,68.5853
"015","6am",13161.595,363.7381,0,0,30.4317
"016","6am",14979.564,867.0377,60.8937,0,304.9963
"017","6am",5279.863,1075.9444,23.9264,0,23.9264
"018","6am",5653.025,1450.863,0,95.1896,122.5162
"019","6am",10266.956,319.2404,0,0,42.1968
"020","6am",16996.6,272.2789,0,0,85.93
"021","6am",9969.921,757.7926,0,0,175.5824
"022","6am",12351.051,159.139,0,0,59.8107
"023","6am",15046.585,1010.089,12.2087,0,89.4912
"024","6am",19546.53,1033.0433,205.605,0,110.3449
"025","6am",5175.162,1446.7843,0,0,0
"026","6am",6446.226,168.0914,0,0,0
"027","6am",9976.244,130.5413,0,0,57.9552
"028","6am",8909.588,1069.8076,0,0,0
"029","6am",9144.989,2438.9376,0,0,0
"030","6am",16481.314,2677.3126,0,0,138.2453
"031","6am",9496.449,588.9033,0,0,0
"032","6am",11007.384,1152.4695,63.672,0,35.8843
"033","6am",8515.712,169.9807,0,0,44.0683
"034","6am",9834.534,653.8353,0,0,150.6942
"035","6am",11359.271,863.8049,0,0,0
"036","6am",18772.443,409.0325,0,112.7945,111.8353
"037","6am",10348.444,673.8707,0,0,62.5888
"038","6am",14331.437,1638.0677,85.9779,0,62.0332
"039","6am",7162.518,249.6024,0,0,73.9593
"040","6am",10359.421,388.0052,0,0,0
"041","6am",14270.408,613.7632,0,0,0
"042","6am",7081.798,829.1051,0,0,0
"043","6am",12682.28,296.3817,0,0,135.0719
"044","6am",7451.695,575.0128,0,0,107.7304
"045","6am",9188.815,239.1198,0,0,164.1266
"046","6am",8778.147,775.0783,12.2087,68.5853,0
"047","6am",10844.909,235.1469,0,0,0
"048","6am",5981.942,80.5662,0,0,0
"049","6am",9698.706,1368.5102,0,0,42.1968
"050","6am",16914.004,781.5784,0,0,183.7199
"051","6am",17034.637,146.7237,0,0,22.5344
"052","6am",12460.978,244.3649,0,0,151.1291
"053","6am",12525.815,0,0,0,0
"054","6am",17436.365,880.7213,0,116.1748,36.2673
"055","6am",11334.249,0,0,0,0
"056","6am",7488.959,553.7754,23.9264,0,71.9088
"057","6am",13345.709,106.0739,0,0,0
"058","6am",8148.713,180.8795,0,0,0
"059","6am",11623.268,488.7323,0,0,145.3454
"060","6am",10017.62,80.2522,0,0,0
"061","6am",13383.514,386.8976,0,0,0
"062","6am",15808.83,524.3057,0,0,0
"063","6am",4629.059,55.8021,0,0,0
"064","6am",14369.762,649.86,0,0,77.5584
"065","6am",10366.373,490.8369,0,0,36.2673
"066","6am",12618.06,991.139,0,0,0
"001","7am",7172.307,1182.0291,772.6349,0,70.0491
"002","7am",13110.449,2960.0498,7325.9321,305.6556,244.8655
"003","7am",15350.27,2777.213,539.2807,93.0179,552.9705
"004","7am",10294.626,2354.6639,962.858,0,203.6908
"005","7am",11306.723,2108.8996,633.7945,0,87.1966
"006","7am",11940.604,3584.1119,419.6231,0,165.066
"007","7am",9077.761,1214.5417,1071.5967,0,0
"008","7am",12402.856,1431.9357,122.7253,0,400.8949
"009","7am",11911.297,618.0542,1186.1211,0,0
"010","7am",10706.132,672.3227,0,0,297.7185
"011","7am",13952.791,1171.995,303.1602,78.6599,681.9572
"012","7am",4454.192,310.1142,134.2655,0,75.7502
"013","7am",13719.215,2113.1955,831.3673,58.2641,260.6512
"014","7am",4520.611,591.9824,273.9557,0,96.7861
"015","7am",11235.614,699.2587,0,0,30.4317
"016","7am",11414.143,1945.2611,3311.5908,0,325.3546
"017","7am",3651.818,2336.4016,284.4572,0,23.9264
"018","7am",4175.805,2996.8226,0,0,122.5162
"019","7am",8351.348,989.7366,30.4359,0,379.8903
"020","7am",13446.532,1136.8424,1453.3262,106.8032,178.9479
"021","7am",8482.235,2371.04,865.7141,0,144.0544
"022","7am",10429.272,512.1895,0,0,59.8107
"023","7am",12006.547,6340.6403,664.8834,0,150.4304
"024","7am",11962.369,2565.8127,9979.8634,0,230.8889
"025","7am",4146.835,5017.7913,0,0,88.3841
"026","7am",5022.647,670.6929,53.0817,0,34.1692
"027","7am",8071.615,1589.1108,94.7063,157.1172,192.3014
"028","7am",8060.987,4461.2588,1843.5635,88.0136,0
"029","7am",7908.382,8761.1563,391.8862,0,64.4811
"030","7am",12028.074,9492.4025,1530.9128,0,282.717
"031","7am",7735.062,887.8583,58.3404,0,0
"032","7am",7991.152,2755.8183,841.9606,0,93.4565
"033","7am",6221.694,758.4548,1308.3376,0,44.0683
"034","7am",7810.005,1221.6487,60.9392,0,150.6942
"035","7am",8107.825,1863.6635,1705.0002,0,0
"036","7am",12758.888,872.2259,206.0584,0,156.2705
"037","7am",7648.368,2909.2847,1152.393,0,80.8624
"038","7am",11556.195,4540.1286,299.6249,0,62.0332
"039","7am",5003.832,958.9752,0,0,73.9593
"040","7am",8276.836,1021.5102,56.5957,74.9632,0
"041","7am",10650.757,2577.9053,0,0,0
"042","7am",5679.565,1640.8736,49.7859,0,0
"043","7am",8904.876,1030.8162,0,0,57.9552
"044","7am",5965.838,603.2904,0,45.9015,219.9694
"045","7am",6846.855,717.2792,86.6442,70.0353,164.1266
"046","7am",5900.436,2980.8195,513.9167,0,0
"047","7am",7883.595,1213.1804,1515.6689,138.2453,138.35
"048","7am",4719.808,277.1311,0,0,0
"049","7am",7787.275,3158.0614,0,0,42.1968
"050","7am",12662.568,1111.4263,0,0,256.3926
"051","7am",11423.164,965.9878,0,0,0
"052","7am",9071.414,1273.3186,0,0,151.1291
"053","7am",8961.181,863.6456,403.6081,0,0
"054","7am",14513.138,3008.8128,766.5745,0,36.2673
"055","7am",8945.035,240.7686,0,108.7437,135.9174
"056","7am",6152.293,800.693,23.9264,0,126.6976
"057","7am",8236.368,845.4201,0,0,0
"058","7am",6083.494,299.7771,0,0,0
"059","7am",8034.691,694.4882,0,0,145.3454
"060","7am",7749.506,265.9626,0,0,212.7284
"061","7am",10751.53,727.1128,0,0,0
"062","7am",11480.572,1448.287,659.8,0,0
"063","7am",3430.642,55.8021,0,0,0
"064","7am",11422.716,1079.7125,124.8374,0,77.5584
"065","7am",7605.91,1198.7816,0,0,115.5553
"066","7am",9593.589,2528.2852,0,0,0
"001","8am",5172.457,3805.9446,1485.8134,40.8357,415.2813
"002","8am",9750.835,9429.0793,10262.0389,654.4156,444.7387
"003","8am",10271.65,8059.3342,1754.8765,157.9308,902.5488
"004","8am",7498.098,6992.703,1797.1082,98.7965,502.6903
"005","8am",8255.726,3445.1733,941.6706,144.9227,340.1436
"006","8am",7924.904,6570.884,547.1405,178.352,533.3323
"007","8am",6779.604,2531.6856,1838.2459,70.0353,263.3871
"008","8am",9260.528,3423.3524,239.3041,0,318.8181
"009","8am",8357.886,2308.0771,2044.283,0,99.6643
"010","8am",8089.901,1898.652,43.2907,0,278.2246
"011","8am",10449.362,2229.5171,454.5185,0,658.2634
"012","8am",3849.767,743.797,193.0382,0,245.7417
"013","8am",10224.78,4506.2185,1797.1588,64.651,654.6315
"014","8am",3423.082,1321.6763,360.4977,180.5134,134.4471
"015","8am",9102.852,1546.5259,0,163.5203,381.2867
"016","8am",6777.996,2479.1302,4119.8916,0,506.4668
"017","8am",2608.338,4247.6359,1157.6947,311.5226,277.9653
"018","8am",2751.093,4425.7998,0,224.4773,166.5845
"019","8am",6707.487,1634.9332,570.1281,0,469.3815
"020","8am",9973.02,2744.5913,1831.6108,0,115.8692
"021","8am",6385.063,3387.865,1908.3263,247.963,217.6007
"022","8am",7593.36,1324.3989,63.672,90.9398,35.8843
"023","8am",8553.368,13151.3691,1281.195,83.7689,599.1016
"024","8am",7310.638,5235.7411,15147.2749,0,424.2489
"025","8am",3173.181,9603.242,142.0954,173.2884,356.2118
"026","8am",3732.39,1511.1299,53.0817,0,34.1692
"027","8am",6691.351,3916.2118,228.5866,419.3473,571.8587
"028","8am",6097.319,11599.0263,6372.1921,0,337.3586
"029","8am",5412.439,17008.3856,1079.0954,0,0
"030","8am",8439.165,20182.5899,2375.7602,0,323.8448
"031","8am",5752.269,1905.8804,181.4246,91.803,119.5332
"032","8am",6686.077,5201.2331,964.1478,251.4996,140.6033
"033","8am",4915.099,2237.5504,1568.4407,0,48.0887
"034","8am",5377.957,3439.1377,142.8838,47.5552,397.8276
"035","8am",6322.973,2553.4425,1859.8091,251.2393,218.0181
"036","8am",9309.274,1558.4296,393.8161,0,635.5468
"037","8am",4297.074,5047.9675,2016.3717,0,177.5342
"038","8am",8821.858,8390.8656,697.5892,520.1423,355.9713
"039","8am",3384.759,1272.7025,0,0,147.9186
"040","8am",5465.24,1581.1739,200.0888,195.2662,124.2095
"041","8am",8438.101,3936.7461,0,49.3424,286.2359
"042","8am",4120.711,2705.8959,23.9264,0,126.1272
"043","8am",6350.596,1676.3648,0,265.041,249.6196
"044","8am",4613.329,1725.443,30.0296,0,616.4246
"045","8am",4414.165,1495.1002,311.8932,109.5776,218.9154
"046","8am",4090.573,7191.2981,1067.1251,372.4312,94.5107
"047","8am",4616.311,2640.3904,2555.0216,68.5853,347.121
"048","8am",3195.171,403.4216,0,0,0
"049","8am",5856.056,4306.5397,82.4662,534.5733,96.0245
"050","8am",9569.05,2961.3292,186.1547,208.9527,183.7199
"051","8am",9277.775,1800.3098,0,107.8115,126.9451
"052","8am",5950.578,1824.8924,0,468.6458,373.6164
"053","8am",7245.636,1623.895,403.6081,0,0
"054","8am",11566.881,5068.7937,1409.0701,400.47,564.7481
"055","8am",5362.558,607.1656,116.8391,70.4071,70.4071
"056","8am",4358.982,1962.9664,172.7046,59.2228,201.0441
"057","8am",5938.544,1427.815,0,0,66.3375
"058","8am",3385.43,583.8466,200.8745,0,51.9173
"059","8am",5503.89,954.741,0,61.0055,351.1013
"060","8am",5773.436,653.9653,0,0,0
"061","8am",7605.803,1036.5001,0,0,183.2273
"062","8am",8230.798,2744.534,659.8,298.8646,0
"063","8am",2788.164,88.8917,0,0,29.6434
"064","8am",8434.892,2336.1437,124.8374,91.2303,513.338
"065","8am",5578.518,1759.3018,0,0,214.4181
"066","8am",5923.452,3996.3062,0,357.1124,0
"001","9am",3955.66,4437.3929,1534.4915,341.0163,1443.1856
"002","9am",7502.077,11858.8211,13398.3493,2467.3552,1388.8933
"003","9am",8494.266,9085.3199,1952.8668,321.5476,1278.1783
"004","9am",6009.035,8057.2319,2183.8544,680.0375,1168.9083
"005","9am",7404.653,3985.8879,1190.7177,238.7657,297.9221
"006","9am",6786.94,6712.6128,547.1405,385.5353,698.5881
"007","9am",5497.527,2732.0905,1838.2459,380.7313,473.939
"008","9am",7708.091,3950.8898,239.3041,65.9818,865.7842
"009","9am",6921.717,2952.2933,2113.7322,0,380.7851
"010","9am",6947.825,2323.1143,43.2907,315.8676,667.2542
"011","9am",7655.739,2767.5836,454.5185,117.5448,728.6337
"012","9am",3306.247,868.579,193.0382,0,289.9994
"013","9am",9118.761,6122.8038,1797.1588,214.7047,1129.8526
"014","9am",2707.44,1734.8801,360.4977,45.6983,174.7827
"015","9am",7532.918,1764.9182,0,493.9313,321.0664
"016","9am",5493.95,2483.0808,4160.3073,187.7495,924.6437
"017","9am",2131.944,4836.2637,1384.2828,115.0809,592.4751
"018","9am",2371.585,4540.2047,110.621,324.7771,375.3737
"019","9am",5908.979,1728.695,570.1281,0,862.5864
"020","9am",8569.438,3176.9331,1798.296,159.1599,478.0219
"021","9am",5750.44,3633.1103,2075.8641,1286.9822,506.0331
"022","9am",6506.103,1662.9937,63.672,0,358.1043
"023","9am",7711.908,16946.6509,1383.1115,160.0611,912.7274
"024","9am",5552.252,6276.2436,17728.9821,49.2288,407.4345
"025","9am",2910.928,10728.1497,142.0954,399.9911,387.5481
"026","9am",2932.404,1774.3386,53.0817,0,192.227
"027","9am",5883.434,4457.0702,311.0216,312.0549,1204.9034
"028","9am",5164.828,14355.6356,7822.4079,106.9898,589.7762
"029","9am",4688.767,19612.7064,1292.6418,172.4625,114.8659
"030","9am",7201.252,24637.0512,2685.1924,840.2988,704.3224
"031","9am",4676.666,2232.894,181.4246,278.2443,162.4975
"032","9am",5700.163,5975.7435,1026.1424,381.7682,277.5443
"033","9am",3780.982,2576.1534,1568.4407,1048.3391,305.0863
"034","9am",4185.501,3827.2702,142.8838,159.0744,584.8943
"035","9am",5309.399,2978.8714,1949.0924,546.5899,501.796
"036","9am",7328.433,1835.805,479.7461,548.9187,1064.8592
"037","9am",3961.798,5726.685,2016.3717,248.2759,103.5749
"038","9am",7120.095,8714.8423,697.5892,1159.5475,745.6786
"039","9am",3042.252,1461.5346,0,174.963,433.8873
"040","9am",5230.105,1910.6666,200.0888,171.5291,300.7821
"041","9am",7275.03,4267.2906,116.8391,462.9113,1668.253
"042","9am",3548.139,2718.1534,23.9264,119.6593,189.1908
"043","9am",5996.425,1514.3082,0,330.8058,798.363
"044","9am",4441.637,1753.8999,30.0296,135.5822,678.4863
"045","9am",3781.175,1651.272,311.8932,109.5776,190.7548
"046","9am",3531.57,7890.635,1182.4735,1083.4903,702.9162
"047","9am",3953.822,2697.9056,2702.596,379.4898,291.1566
"048","9am",2725.379,710.6034,0,145.3454,79.4488
"049","9am",5232.222,4460.553,82.4662,2179.6659,323.0886
"050","9am",8395.964,3361.631,186.1547,639.3742,277.0919
"051","9am",8159.721,2105.3311,0,382.3459,295.9219
"052","9am",5063.424,2171.1413,0,767.9096,299.0477
"053","9am",6080.543,1543.8302,403.6081,137.9642,366.2962
"054","9am",9720.068,5824.1979,1409.0701,649.3965,1681.2774
"055","9am",4824.974,785.8177,190.5888,0,0
"056","9am",4027.284,2540.1086,172.7046,516.7475,386.8864
"057","9am",5052.896,1673.9741,0,80.8624,213.5374
"058","9am",3055.243,686.9218,200.8745,0,210.5407
"059","9am",5047.453,1269.055,49.2288,400.8769,532.2595
"060","9am",5326.855,499.1564,0,78.7033,180.1121
"061","9am",8239.073,956.2479,0,102.9751,183.2273
"062","9am",7429.142,3011.6371,659.8,275.2314,507.8258
"063","9am",2308.052,88.8917,0,0,0
"064","9am",7658.81,2590.5022,124.8374,227.8125,451.2115
"065","9am",4869.789,1817.6077,0,79.288,372.2122
"066","9am",5113.256,4304.5653,0,206.1584,316.0998
"001","10am",3766.941,4337.6019,1458.6,820.3159,1725.3505
"002","10am",6309.14,12511.8612,14140.6217,4337.7522,2942.9011
"003","10am",8378.467,9133.0748,2131.8882,480.3392,1294.0721
"004","10am",5083.32,7967.0895,2295.9628,1375.3325,1832.1256
"005","10am",6325.12,4037.4243,1166.7913,284.3729,695.5223
"006","10am",6269.628,6544.1096,547.1405,576.7414,596.292
"007","10am",4899.82,2351.1858,1888.0318,165.6534,462.2334
"008","10am",6491.163,4293.6571,239.3041,517.9639,1052.5685
"009","10am",5892.442,2915.0515,2003.1967,0,360.9958
"010","10am",6500.735,2441.2868,43.2907,85.1091,466.2043
"011","10am",7302.584,2890.067,454.5185,204.7414,753.2
"012","10am",2957.644,866.3547,53.0817,123.075,368.4595
"013","10am",8082.701,6808.7907,1841.1807,740.0074,1438.7376
"014","10am",2342.677,1607.7327,360.4977,135.955,37.661
"015","10am",5944.477,1829.035,0,461.9004,694.2697
"016","10am",4538.557,2530.3127,4132.6785,551.9914,1028.9348
"017","10am",1870.968,5760.4659,1366.2945,594.0897,643.5101
"018","10am",1841.683,4820.8666,110.621,246.9743,806.2623
"019","10am",5525.389,1987.3934,570.1281,0,771.1847
"020","10am",7919.552,2995.1082,1904.7081,339.4435,679.5648
"021","10am",4996.071,3883.632,2125.9481,2194.2979,769.4229
"022","10am",5530.599,1795.0648,63.672,298.7155,353.9907
"023","10am",6852.126,16942.7589,1610.3028,919.6113,812.473
"024","10am",5058.446,6660.6877,18265.8921,0,587.1364
"025","10am",2658.903,10704.7338,142.0954,823.36,536.1198
"026","10am",2708.39,1862.3522,53.0817,0,123.8886
"027","10am",5473.882,4286.4171,311.0216,846.1314,1314.3269
"028","10am",4559.849,14888.7853,9155.9654,74.375,987.7074
"029","10am",4024.251,20289.424,1292.6418,593.2392,235.7108
"030","10am",6506.894,24568.0916,2746.7798,1279.3944,840.7839
"031","10am",4891.841,2475.4768,181.4246,187.961,273.8588
"032","10am",5222.07,5703.508,955.6464,880.9727,662.1493
"033","10am",3441.674,2592.1907,1578.6596,1246.9299,304.3146
"034","10am",3843.49,3826.8534,142.8838,333.7016,643.3556
"035","10am",4657.984,2827.55,1913.2887,589.7849,1117.3786
"036","10am",6923.815,1850.1092,479.7461,385.3135,980.3001
"037","10am",3686.437,5834.5192,2016.3717,297.3036,216.8549
"038","10am",6663.195,9188.3932,697.5892,1431.6268,723.1438
"039","10am",2494.195,1571.6917,0,334.1157,829.6744
"040","10am",4991.534,1910.6666,200.0888,186.9128,314.4466
"041","10am",6612.539,4398.415,116.8391,851.9087,1837.2968
"042","10am",3238.56,2900.816,23.9264,375.836,188.0294
"043","10am",5719.511,1430.5393,0,246.5553,533.4567
"044","10am",4104.864,2098.0758,30.0296,153.3986,803.4522
"045","10am",3338.823,1771.4699,370.2336,137.0542,54.7888
"046","10am",3238.335,7949.5024,1438.1284,2049.9484,786.0666
"047","10am",3898.387,3108.7789,2672.5664,799.3747,247.8967
"048","10am",2178.953,627.6231,0,0,79.4488
"049","10am",4933.651,4678.1544,158.2164,3348.1952,927.279
"050","10am",7991.659,3259.4214,186.1547,116.1748,277.0919
"051","10am",8117.892,2119.5457,0,262.4063,606.6025
"052","10am",6211.158,2122.3716,0,541.1351,371.2051
"053","10am",5576.025,1519.8726,403.6081,323.4189,783.7031
"054","10am",8421.281,5819.1701,1339.8519,979.2549,1872.6474
"055","10am",4337.77,755.5811,190.5888,70.4071,82.4414
"056","10am",3530.325,2672.7762,172.7046,689.0525,593.9282
"057","10am",4650.966,1798.3919,0,80.8624,451.681
"058","10am",2484.259,579.4083,200.8745,0,278.4608
"059","10am",4442.779,1464.1598,49.2288,478.6856,524.035
"060","10am",4958.191,653.9653,0,247.3238,62.5888
"061","10am",7759.267,933.5354,0,102.9751,205.9502
"062","10am",7346.154,3081.5217,659.8,655.1798,457.8601
"063","10am",2254.085,160.1277,0,38.1464,60.8589
"064","10am",6891.48,2911.8537,124.8374,273.6909,498.4573
"065","10am",4552.958,1859.8669,0,137.5939,431.9254
"066","10am",4780.427,4083.5154,0,191.3369,381.9854
"001","11am",3815.888,4122.8182,1437.5575,314.8973,1202.7391
"002","11am",7561.963,12339.1287,13278.3351,2291.0631,4042.9994
"003","11am",8782.084,9367.2133,1930.9164,158.379,998.7661
"004","11am",5498.869,7663.5794,2201.1147,490.6341,1803.6886
"005","11am",7232.529,3855.073,1166.7913,132.5124,457.8916
"006","11am",6166.093,7200.6223,454.7237,285.0233,484.9523
"007","11am",5696.968,2235.3166,1888.0318,161.9568,372.4823
"008","11am",6438.835,4122.1058,239.3041,238.3757,755.0938
"009","11am",6649.986,2815.005,2003.1967,0,257.0726
"010","11am",6862.51,2345.4032,43.2907,174.3932,567.1857
"011","11am",8439.973,2703.9424,404.8187,93.0179,1186.5141
"012","11am",2964.028,929.3413,81.1838,66.6734,138.6941
"013","11am",8366.887,6650.441,1841.1807,525.1011,1005.9405
"014","11am",2740.14,1942.5457,360.4977,0,37.661
"015","11am",7065.038,1774.0753,0,171.0992,829.0591
"016","11am",5325.327,2412.0772,3811.6694,222.7547,1019.8933
"017","11am",1970.304,4975.1062,1366.2945,192.6135,997.0074
"018","11am",2258.154,4721.6047,110.621,210.2919,861.3336
"019","11am",5816.568,1855.9232,570.1281,0,901.2114
"020","11am",8883.223,2580.2546,1695.9323,115.8692,586.0301
"021","11am",5416.906,4282.3316,2125.9481,1483.7771,661.2765
"022","11am",5951.344,1714.7378,63.672,298.7155,210.0568
"023","11am",7095.997,16481.6072,1505.0762,394.1626,1010.2587
"024","11am",5206.895,6380.5473,17376.4136,0,1435.004
"025","11am",3031.301,10163.8799,142.0954,278.563,595.8634
"026","11am",2925.814,1887.859,53.0817,68.3384,104.7424
"027","11am",6267.506,3839.9586,311.0216,125.4112,974.0139
"028","11am",5141.016,14028.6413,8987.6797,0,853.5542
"029","11am",4719.248,18209.2946,1256.7575,88.0438,791.3095
"030","11am",6588.144,24135.778,2687.1037,1851.4311,1173.8349
"031","11am",4912.847,2568.129,181.4246,134.4042,287.6925
"032","11am",6193.205,5970.9882,943.4377,155.473,555.6388
"033","11am",3821.001,2619.7231,1514.1785,546.1734,512.2035
"034","11am",4199.015,3839.8213,142.8838,288.7712,677.1679
"035","11am",5404.191,2651.036,1788.2017,343.1073,556.4669
"036","11am",7573.349,1754.7817,479.7461,0,713.0805
"037","11am",3797.692,6243.2514,2016.3717,91.9215,409.4748
"038","11am",7220.162,9027.0671,697.5892,698.6863,898.6742
"039","11am",2973.96,1594.2664,0,222.8671,479.2466
"040","11am",5092.03,1707.0866,200.0888,0,529.933
"041","11am",6879.578,4271.2513,116.8391,546.8195,964.34
"042","11am",3308.82,2025.6919,73.7123,56.5957,156.3318
"043","11am",6541.672,1338.6178,0,177.453,168.5861
"044","11am",4100.682,2097.0126,30.0296,0,529.6983
"045","11am",3453.317,1645.6373,370.2336,205.2478,124.0664
"046","11am",3621.363,8108.3995,1450.3371,1839.223,532.8672
"047","11am",4363.665,3157.0413,2507.97,318.2422,206.509
"048","11am",2306.611,554.1288,0,0,99.6348
"049","11am",5395.011,4842.5466,158.2164,2353.7362,840.3789
"050","11am",8380.804,3179.0862,186.1547,306.6288,333.1522
"051","11am",8128.182,2146.3118,71.8392,254.6187,449.8733
"052","11am",6106.895,2119.5205,0,79.9134,223.6798
"053","11am",5267.868,1700.6454,403.6081,126.7616,528.514
"054","11am",10014.31,5769.7237,1339.8519,213.3294,1507.1554
"055","11am",4535.559,715.9093,190.5888,0,393.2504
"056","11am",3302.168,2710.2452,111.8109,296.9794,262.1261
"057","11am",4676.177,1317.1174,0,132.675,507.2847
"058","11am",2488.062,579.4083,200.8745,0,179.7561
"059","11am",4963.117,1559.6716,49.2288,0,447.2749
"060","11am",4730.798,653.9653,0,250.3552,154.8089
"061","11am",8049.121,845.5218,0,80.2522,102.9751
"062","11am",7182.229,3289.8595,659.8,256.9525,353.7225
"063","11am",2364.45,193.2173,0,0,71.236
"064","11am",7599.742,2820.6234,124.8374,182.4606,640.243
"065","11am",4730.788,1915.2188,0,158.576,253.1492
"066","11am",5510.977,3724.1022,0,123.5816,304.831
"001","12am",4355.525,2953.8891,1113.2385,356.5379,2418.0242
"002","12am",9573.344,10042.233,10592.67,1479.4369,8790.3184
"003","12am",9682.465,7467.895,1762.1788,71.8392,2369.1653
"004","12am",6993.691,5455.6571,1459.2989,780.4134,2907.694
"005","12am",9182.46,2611.7932,956.9089,58.7727,727.6684
"006","12am",7275.259,5115.5254,421.397,0,900.4717
"007","12am",6688.704,1669.9059,1712.4807,0,800.0575
"008","12am",7789.854,3105.5773,239.3041,0,1111.7583
"009","12am",7907.701,1934.8107,1955.8047,63.672,390.1812
"010","12am",7588.066,2084.4221,0,0,634.1096
"011","12am",10202.835,2440.1222,244.3875,172.0354,1312.4498
"012","12am",3549.934,614.0319,0,0,302.8133
"013","12am",9257.274,5942.998,1381.2457,99.6348,1496.7877
"014","12am",2968.632,1378.8181,316.3587,0,163.3175
"015","12am",8573.425,1373.8516,0,33.3267,1089.1521
"016","12am",6922.399,2216.5645,2679.3425,45.6983,713.4128
"017","12am",2391.666,4831.9517,782.4574,395.7335,1009.1591
"018","12am",2720.801,3991.8158,110.621,0,543.9828
"019","12am",6496.624,1309.8212,500.0928,0,1228.389
"020","12am",9837.828,1385.9076,1630.8015,0,819.6657
"021","12am",5852.662,3550.7616,1792.7781,1217.0411,1071.5541
"022","12am",7129.43,1473.3076,63.672,178.9534,763.9343
"023","12am",8458.121,12662.7502,1531.9731,153.0469,1907.5253
"024","12am",8496.677,5526.8851,10062.5899,0,3363.9752
"025","12am",3476.765,7663.0478,47.5552,182.132,1779.9601
"026","12am",3515.563,1369.5274,53.0817,121.3658,243.8573
"027","12am",7276.998,3632.1475,311.0216,0,485.6174
"028","12am",5828.724,11595.296,7548.3303,0,1652.1379
"029","12am",5638.403,14426.2624,929.2982,0,1126.2829
"030","12am",9423.614,20105.6989,2430.6186,1681.1242,3413.0483
"031","12am",5780.124,1438.6401,12.2087,51.9173,720.1858
"032","12am",6528.541,4782.9927,776.7906,488.1225,1099.0025
"033","12am",4324.457,2078.6519,1349.4563,758.9378,1120.9515
"034","12am",5500.694,2787.8111,81.9446,133.0047,1001.3011
"035","12am",7109.094,1882.8182,1623.1682,34.1692,331.1778
"036","12am",9351.744,1685.5498,138.6562,156.7292,1558.6045
"037","12am",4724.99,4464.5891,1855.8973,91.9215,616.9661
"038","12am",9248.79,7365.2126,697.5892,291.896,2023.2958
"039","12am",3405.997,1380.1464,0,0,669.518
"040","12am",6003.802,1441.3487,142.5736,0,1302.6936
"041","12am",8378.4,3097.4969,116.8391,93.3756,1235.1678
"042","12am",3951.164,1487.2596,49.7859,0,200.767
"043","12am",7453.979,1132.4861,0,331.904,342.2526
"044","12am",4858.548,1078.303,30.0296,94.5402,477.8049
"045","12am",4103.239,1091.0094,294.2603,0,233.644
"046","12am",4494.192,6325.5818,905.0006,1536.0021,2334.7097
"047","12am",5760.908,1937.0151,1897.0143,161.6855,631.1341
"048","12am",2964.195,692.5647,0,0,99.6348
"049","12am",6527.387,3720.683,158.2164,1729.8749,1398.8035
"050","12am",10364.637,2047.1341,36.7224,0,525.6461
"051","12am",9308.829,1134.0254,71.8392,86.8239,727.0495
"052","12am",7260.621,1134.7079,0,147.9186,625.8809
"053","12am",5777.025,1065.6233,271.7254,410.3109,985.0245
"054","12am",12144.136,4240.0667,881.9994,104.6553,1624.7656
"055","12am",5645.251,796.1615,116.8391,70.4071,451.3217
"056","12am",4351.111,2172.8646,23.9264,544.1462,415.8207
"057","12am",5542.666,825.4121,0,66.3375,436.3874
"058","12am",3382.75,514.9272,65.1883,0,0
"059","12am",5369.233,1222.7922,49.2288,58.3404,713.5327
"060","12am",6092.828,473.8532,0,0,154.4535
"061","12am",8686.043,664.1797,0,0,167.4562
"062","12am",8290.852,2218.9196,449.2035,0,505.4338
"063","12am",2842.394,88.8917,0,0,0
"064","12am",8606.3,2310.073,124.8374,0,515.1964
"065","12am",5264.599,1001.2238,0,98.8628,733.9338
"066","12am",6796.746,2989.1258,0,0,390.4386
"001","1pm",4051.073,3603.2609,1610.8585,242.2865,1773.4823
"002","1pm",9017.078,11584.9453,13394.2412,1486.0741,5659.1238
"003","1pm",8124.371,8661.4667,2054.2791,191.1655,1578.833
"004","1pm",5936.915,7253.3496,1705.1698,330.6342,2179.6126
"005","1pm",7164.471,3420.6578,1179.2023,99.7686,425.0264
"006","1pm",6958.002,5877.7533,445.3234,206.7465,728.6916
"007","1pm",6414.99,2022.4922,1991.9959,489.0157,1016.7371
"008","1pm",6581.2,3941.0328,239.3041,0,696.4816
"009","1pm",7390.988,2540.6142,2418.2945,0,370.9498
"010","1pm",7050.741,1989.4547,43.2907,0,723.346
"011","1pm",8264.957,2568.9573,454.5185,68.0071,1350.6719
"012","1pm",3204.007,842.7184,69.4243,0,563.6522
"013","1pm",8655.142,6402.2338,1403.8736,126.2105,1595.9649
"014","1pm",2776.366,1760.8138,360.4977,0,0
"015","1pm",7424.733,1870.559,0,0,687.7899
"016","1pm",5926.152,2830.1832,3725.8043,0,1123.7191
"017","1pm",2003.716,4928.4369,675.8319,686.8233,578.0913
"018","1pm",2452.594,4120.047,110.621,0,340.8887
"019","1pm",6017.803,2153.1601,570.1281,0,289.5964
"020","1pm",8454.505,2110.1699,1630.8015,0,773.6849
"021","1pm",5744.753,3956.1264,1550.2803,929.9453,604.4755
"022","1pm",6574.607,1724.8435,63.672,198.0892,544.4016
"023","1pm",7269.478,15979.6926,1273.0598,95.0194,879.7062
"024","1pm",6044.583,6275.7583,15506.5558,53.0817,1469.291
"025","1pm",3147.844,8800.361,47.5552,0,986.4412
"026","1pm",3098.818,1564.8815,53.0817,0,30.4359
"027","1pm",6890.67,3829.104,228.5866,158.9414,1079.503
"028","1pm",5368.274,12503.512,8227.3691,53.4949,1457.1215
"029","1pm",5009.064,17043.413,1092.764,142.4702,351.7036
"030","1pm",8770.965,22899.5127,2611.0462,1489.7547,1441.5322
"031","1pm",4980.559,1894.1592,181.4246,427.1805,424.6015
"032","1pm",5640.097,5775.9674,776.7906,664.0669,1288.0199
"033","1pm",4129.222,2268.825,1293.8193,719.9463,868.072
"034","1pm",4420.776,3942.4749,142.8838,190.1893,360.0294
"035","1pm",5656.072,2236.5788,945.4017,0,418.7895
"036","1pm",8201.338,1409.5417,404.7829,187.0406,1037.5587
"037","1pm",4103.307,5431.3483,1492.8674,191.3822,510.7998
"038","1pm",7948.172,8949.417,697.5892,129.1392,764.6883
"039","1pm",2857.707,1487.9579,0,39.4679,480.6518
"040","1pm",5249.392,1588.516,142.5736,0,960.3139
"041","1pm",7782.537,3560.1889,0,275.8679,259.6107
"042","1pm",3727.537,1862.0354,23.9264,70.9445,346.131
"043","1pm",7094.311,1783.8165,0,158.5451,337.2122
"044","1pm",4664.047,2018.8231,30.0296,73.9866,396.9791
"045","1pm",3920.901,1442.0177,344.3443,0,510.3348
"046","1pm",3582.784,7539.8227,1338.9315,1400.0184,1227.6699
"047","1pm",4141.92,2494.5976,2647.6659,217.8705,538.7038
"048","1pm",2803.199,814.8167,0,0,99.6348
"049","1pm",5817.738,4096.0487,158.2164,1832.0249,741.6326
"050","1pm",10692.884,2140.9641,36.7224,0,568.9737
"051","1pm",8669.558,2034.2511,71.8392,150.2209,453.3534
"052","1pm",6500.173,1240.5353,30.0296,0,842.5636
"053","1pm",6342.131,1423.7886,271.7254,296.5062,960.3937
"054","1pm",10970.664,5494.0633,1146.4064,182.4606,2007.2316
"055","1pm",5252.967,913.3807,190.5888,0,211.8709
"056","1pm",4222.041,2405.3039,23.9264,430.0976,516.6967
"057","1pm",4900.994,1267.4781,0,0,498.8136
"058","1pm",3336.154,567.1442,65.1883,0,62.5888
"059","1pm",5064.761,1246.8981,49.2288,273.3197,856.6929
"060","1pm",5704.011,653.9653,0,0,141.2921
"061","1pm",9002.797,455.2847,0,0,136.0647
"062","1pm",8222.943,2381.0966,478.8469,38.1464,516.6982
"063","1pm",2564.374,239.522,0,0,0
"064","1pm",8015.219,2463.6434,124.8374,91.2303,481.5893
"065","1pm",5570.837,1388.3282,0,98.8628,253.1492
"066","1pm",6982.798,2940.2955,0,0,402.4714
"001","2pm",3272.731,4122.4452,1680.3077,554.0664,1959.2456
"002","2pm",8301.743,11050.8062,12917.9779,3655.7113,5518.4301
"003","2pm",7673.07,8875.7013,2054.2791,491.3922,1867.8228
"004","2pm",5641.267,7433.5891,1781.1431,887.2133,2137.755
"005","2pm",5920.433,3775.213,1259.9444,0,557.0339
"006","2pm",6899.307,6057.6875,445.3234,351.9259,1084.9388
"007","2pm",5779.441,2572.7771,1860.3443,95.6181,937.0283
"008","2pm",6624.305,4239.8952,321.7391,86.2482,1638.6133
"009","2pm",7020.605,2276.4297,2418.2945,0,306.4369
"010","2pm",6533.269,1873.3356,43.2907,182.7331,751.2231
"011","2pm",7358.586,2040.1685,366.634,256.608,1593.765
"012","2pm",2896.793,1053.0089,69.4243,0,574.1993
"013","2pm",7759.358,6423.1792,1594.3437,325.6759,1818.2761
"014","2pm",2639.271,1757.2197,360.4977,30.4359,473.8912
"015","2pm",7362.859,1784.2953,0,0,956.6154
"016","2pm",5127.235,2589.1376,3536.7742,0,2094.3779
"017","2pm",1882.151,4399.6765,699.7583,798.2611,838.1274
"018","2pm",2250.975,4405.4337,110.621,177.8876,458.2499
"019","2pm",5438.943,1834.3605,570.1281,70.496,631.2887
"020","2pm",8891.537,2331.7693,1555.3726,0,1081.9938
"021","2pm",5857.186,4291.6344,1385.866,1555.5428,920.9551
"022","2pm",5398.751,1599.0375,63.672,70.496,376.8326
"023","2pm",6867.116,16371.6666,1486.7293,371.2392,1163.7186
"024","2pm",5694.739,6358.6815,16731.4942,0,1289.9103
"025","2pm",2609.914,9139.2192,47.5552,435.6885,679.5868
"026","2pm",2917.706,1656.3698,53.0817,34.1692,71.8392
"027","2pm",6150.144,3876.1756,199.3558,643.6928,1348.0653
"028","2pm",4988.065,13286.0709,8246.6872,0,1102.5408
"029","2pm",4480.429,18166.4267,1056.8797,152.3094,386.903
"030","2pm",7442.818,23074.1077,2405.6984,2045.3431,1257.4756
"031","2pm",4259.604,2153.7568,181.4246,116.0075,630.6006
"032","2pm",5023.412,6106.7694,776.7906,663.0391,1105.316
"033","2pm",3413.081,2406.735,1336.4363,1060.7532,1505.4054
"034","2pm",3671.898,3894.9429,142.8838,121.7412,438.3122
"035","2pm",4505.84,2511.5598,945.4017,318.308,760.6009
"036","2pm",7194.1,1891.0009,404.7829,290.0281,1050.9117
"037","2pm",3854.681,5624.9175,1450.9527,471.547,592.8634
"038","2pm",7815.981,8925.2205,697.5892,755.7656,1427.0666
"039","2pm",2526.139,1539.8752,0,124.8374,730.8302
"040","2pm",4877.352,1555.0273,142.5736,170.6846,835.7737
"041","2pm",8030.908,3592.7159,116.8391,774.4887,866.1068
"042","2pm",3501.394,1872.8812,23.9264,166.1428,129.6704
"043","2pm",6357.988,1718.839,0,0,325.6912
"044","2pm",4143.437,2135.8204,30.0296,61.5956,781.127
"045","2pm",3540.172,1467.3283,286.0039,0,570.2535
"046","2pm",3702.114,7737.3266,1269.6872,1951.7791,684.9498
"047","2pm",3502.857,2474.1294,2557.5771,315.6536,967.7666
"048","2pm",2646.825,814.8167,0,0,250.3591
"049","2pm",5382.339,4554.1209,82.4662,4828.4382,790.1026
"050","2pm",9709.962,2123.4409,186.1547,204.4192,830.368
"051","2pm",7575.759,2178.6496,71.8392,323.8687,1035.9132
"052","2pm",6582.363,1128.0728,30.0296,153.3322,281.195
"053","2pm",6489.327,1571.9574,271.7254,296.5062,817.1355
"054","2pm",8902.989,5627.3391,1146.4064,502.5731,2091.5296
"055","2pm",4161.534,717.2593,190.5888,0,598.9406
"056","2pm",3878.266,2314.1321,23.9264,464.6771,593.7355
"057","2pm",4862.308,1161.4042,0,0,823.3196
"058","2pm",3129.609,830.5778,117.1056,0,62.5888
"059","2pm",5502.703,1529.5652,49.2288,184.7654,458.1384
"060","2pm",5782.916,739.9257,0,0,209.8774
"061","2pm",8304.747,519.9357,0,102.9751,116.1748
"062","2pm",7319.784,2132.2244,229.03,546.9695,577.7171
"063","2pm",2192.04,310.758,0,0,50.0614
"064","2pm",7022.018,2668.1614,124.8374,260.1448,570.2911
"065","2pm",5135.666,1297.093,0,151.8509,452.2821
"066","2pm",5864.056,3003.3591,0,208.521,293.7277
"001","3pm",3486.397,3914.3507,1731.2811,1320.0648,1662.3536
"002","3pm",6960.246,10906.8437,12162.7105,2209.9446,6887.2887
"003","3pm",7800.731,8569.2565,2056.365,425.0195,1919.6111
"004","3pm",5748.511,7733.5713,1710.2214,712.7455,2483.2279
"005","3pm",5926.255,3326.6813,942.5977,338.8692,1381.2566
"006","3pm",5923.556,6502.9313,497.2245,487.3067,941.6263
"007","3pm",6261.175,2081.8063,1802.3891,70.0353,1181.3965
"008","3pm",6390.486,3977.5284,247.4898,322.8055,1565.0196
"009","3pm",6745.31,2695.7041,2054.0551,0,428.7537
"010","3pm",6483.931,2015.8218,43.2907,212.9453,814.9605
"011","3pm",7418.396,2144.2978,366.634,129.7527,1417.7634
"012","3pm",2421.554,1097.1479,0,0,489.3623
"013","3pm",7385.8,6061.0919,1416.0709,164.2026,2001.1475
"014","3pm",2585.523,1751.7191,360.4977,131.1137,381.7023
"015","3pm",7263.741,1709.4676,0,137.8296,1424.1016
"016","3pm",4721.094,2309.9123,3225.8035,160.3093,1772.7247
"017","3pm",1890.022,3876.7821,629.692,797.5027,1006.8445
"018","3pm",2318.417,3573.0434,110.621,427.2508,338.9013
"019","3pm",5151.062,1725.7989,570.1281,262.7652,908.311
"020","3pm",8674.371,2083.7088,1085.7157,121.7874,1184.9164
"021","3pm",5214.923,4289.1504,1385.866,2668.5926,1057.994
"022","3pm",5657.943,1759.0949,63.672,193.409,467.0893
"023","3pm",7148.349,16053.0855,1428.3807,723.5654,1435.082
"024","3pm",5611.778,5828.9816,16013.6802,110.69,1315.581
"025","3pm",2669.955,9326.525,93.2535,459.7196,832.4474
"026","3pm",2993.061,1824.5179,53.0817,0,71.8392
"027","3pm",5900.256,3660.3653,286.7562,356.3204,1218.2313
"028","3pm",4902.899,12561.8218,7301.8539,304.3088,1461.0631
"029","3pm",4410.799,17777.9406,986.8444,155.9637,570.6071
"030","3pm",8403.623,23393.8896,2102.2656,1541.5284,1371.6275
"031","3pm",3724.082,2067.7789,181.4246,368.9175,821.19
"032","3pm",5010.039,5637.979,701.3617,1376.8987,1358.1407
"033","3pm",3330.467,2214.8347,1228.2492,1759.3093,1701.524
"034","3pm",3722.453,3537.2479,142.8838,463.8267,861.2469
"035","3pm",4481.253,2358.4564,909.598,382.6806,870.4907
"036","3pm",7585.613,1819.9118,404.7829,571.551,1570.7874
"037","3pm",4327.726,5347.6006,1485.481,235.1721,490.6803
"038","3pm",7813.195,8990.3132,456.3541,301.4681,1435.5113
"039","3pm",2501.81,1395.7103,0,229.932,1050.6945
"040","3pm",4776.626,1485.7405,142.5736,58.3059,1056.2073
"041","3pm",7800.33,3268.2538,116.8391,516.593,951.4483
"042","3pm",3472.767,1701.4555,73.7123,0,224.5831
"043","3pm",7008.546,1341.4712,0,284.4926,652.7143
"044","3pm",3893.819,2103.6604,30.0296,134.2856,566.8208
"045","3pm",3565.568,1346.7364,286.0039,0,439.2913
"046","3pm",3431.289,7471.9852,1245.2698,2327.4418,874.2251
"047","3pm",4087.158,2306.4395,2437.4587,134.1016,578.7497
"048","3pm",2387.085,774.5336,0,0,33.3089
"049","3pm",4703.297,4290.676,82.4662,5507.7093,1151.1294
"050","3pm",9072.767,2230.9617,186.1547,152.8278,1508.8998
"051","3pm",7320.014,1917.9263,71.8392,194.6354,1196.6372
"052","3pm",6575.541,1189.4703,0,292.0066,225.0884
"053","3pm",6146.118,1778.6129,271.7254,379.3077,1406.192
"054","3pm",8956.727,5425.3894,1146.4064,313.0673,2251.9071
"055","3pm",3840.586,717.2593,190.5888,57.9552,458.1265
"056","3pm",3451.222,2125.5159,23.9264,1432.7475,943.9066
"057","3pm",5104.786,1391.8656,0,0,918.7069
"058","3pm",3679.125,640.302,117.1056,59.9187,177.2334
"059","3pm",5097.786,1621.9431,49.2288,137.1706,574.5028
"060","3pm",5408.659,659.6735,0,125.1776,209.8774
"061","3pm",7875.585,791.1766,0,0,585.7527
"062","3pm",7308.113,2137.5638,229.03,418.2487,963.4628
"063","3pm",2295.383,321.1351,0,0,255.2345
"064","3pm",6481.415,2685.1097,124.8374,150.2209,383.2369
"065","3pm",4922.018,1289.0898,0,189.1747,274.1313
"066","3pm",5819.725,2977.3538,0,103.0792,439.201
"001","4pm",3815.166,3174.2411,1300.0389,754.9812,1324.8945
"002","4pm",7907.514,9739.719,9948.6976,2093.9602,5631.5518
"003","4pm",8891.561,7604.3622,1573.0513,259.1786,1660.5199
"004","4pm",5660.219,7368.0638,1227.5305,405.6182,1553.4515
"005","4pm",7574.363,2678.6631,526.7135,0,2246.399
"006","4pm",7117.877,5684.1132,376.603,51.4834,525.1527
"007","4pm",7268.428,1563.459,1423.5618,299.968,788.2693
"008","4pm",7085.906,3246.4268,247.4898,280.3537,1901.0551
"009","4pm",7157.347,2534.0503,1465.3665,65.1883,642.49
"010","4pm",6502.016,1747.6079,43.2907,76.9889,545.4499
"011","4pm",8138.072,2113.2661,210.131,28.2008,1880.5354
"012","4pm",2843.483,662.9583,0,67.9782,314.1034
"013","4pm",8281.141,4885.4435,1170.2252,314.5339,1595.3497
"014","4pm",2968.383,1780.143,310.223,27.3489,535.4227
"015","4pm",7941.583,1232.324,0,129.72,1108.4328
"016","4pm",6212.845,1697.9789,2825.9407,253.9822,1473.6671
"017","4pm",2309.72,3090.8731,565.3607,738.3243,1048.6957
"018","4pm",2868.686,2792.9046,46.1399,244.5075,794.8764
"019","4pm",5498.47,1426.218,70.0353,0,1102.3335
"020","4pm",10108.362,1976.4673,1085.7157,430.0698,1279.6692
"021","4pm",6093.076,3336.8719,656.2363,2885.056,1030.0743
"022","4pm",5951.538,1438.3791,63.672,161.4358,382.1896
"023","4pm",7690.953,14565.5303,1077.693,1014.5266,1675.6803
"024","4pm",7113.663,4962.232,13446.7347,106.1634,1232.1581
"025","4pm",3183.546,7279.1859,93.2535,172.591,608.1942
"026","4pm",3584.399,1657.3092,53.0817,0,87.1966
"027","4pm",6775.524,2978.2129,241.0579,493.6095,516.5057
"028","4pm",5530.477,11240.2288,4962.5082,110.3326,1366.9053
"029","4pm",4809.133,14208.9485,597.8034,340.554,155.469
"030","4pm",9128.745,20644.3501,1730.9326,1530.8149,1168.0326
"031","4pm",4462.933,1816.475,181.4246,188.7239,708.5804
"032","4pm",5656.523,4939.2109,497.4789,607.2229,613.3455
"033","4pm",4195.064,1371.3332,1160.2421,1772.0217,1291.3347
"034","4pm",4614.621,2670.6825,142.8838,507.6835,594.5379
"035","4pm",6018.009,1888.309,1219.81,238.5884,599.1014
"036","4pm",8757.051,1689.5285,404.7829,509.8306,1364.6664
"037","4pm",5147.269,4220.7149,1112.0302,124.557,441.1724
"038","4pm",8045.819,6789.1965,456.3541,483.899,1355.0285
"039","4pm",3361.934,1122.4179,0,96.9831,705.3859
"040","4pm",5659.951,1255.9073,142.5736,146.69,1138.8445
"041","4pm",8244.642,3030.7936,116.8391,832.4811,1313.942
"042","4pm",3770.937,1612.0484,73.7123,0,219.7648
"043","4pm",7469.952,1148.085,0,336.2135,309.8772
"044","4pm",4102.134,1793.9616,30.0296,88.3841,482.8893
"045","4pm",3788.6,1226.681,199.3597,0,497.3575
"046","4pm",4036.727,6485.2996,990.9889,1101.2453,1248.6179
"047","4pm",4790.751,2218.151,1820.7281,255.0518,587.6863
"048","4pm",2553.795,534.4293,0,46.4908,176.744
"049","4pm",5308.612,3410.9958,82.4662,4663.8412,1171.6395
"050","4pm",9297.235,2093.9177,186.1547,255.0374,767.5066
"051","4pm",7997.755,1679.2401,0,610.9774,880.8595
"052","4pm",6423.008,736.4472,0,153.3322,949.2378
"053","4pm",5818.802,1742.701,271.7254,247.3986,785.1259
"054","4pm",10237.094,4848.5699,1025.6027,627.3448,1811.7587
"055","4pm",4654.902,767.0452,190.5888,364.8276,513.0745
"056","4pm",3836.464,1651.73,23.9264,1188.5363,903.3261
"057","4pm",7324.298,1442.0409,0,210.2919,811.7709
"058","4pm",3740.269,460.3989,117.1056,64.4811,397.7891
"059","4pm",5287.724,1384.0183,49.2288,187.9451,856.8152
"060","4pm",6317.283,659.6735,0,184.735,336.0012
"061","4pm",7783.906,591.3494,0,102.9751,803.0249
"062","4pm",8328.382,1768.4047,190.8836,89.2833,872.5395
"063","4pm",2561.539,343.8476,0,33.0896,91.2303
"064","4pm",7557.41,2376.7258,124.8374,300.4418,741.0903
"065","4pm",5224.238,1301.6875,0,79.288,450.263
"066","4pm",6337.45,2604.3625,0,0,170.1461
"001","5pm",4408.517,2300.0539,426.9541,381.5147,1816.6415
"002","5pm",9629.567,6801.1046,6187.2761,3328.7992,4843.073
"003","5pm",11280.223,4223.6402,734.8454,423.1546,1611.0126
"004","5pm",7336.425,4416.8647,508.6371,503.4264,2687.5271
"005","5pm",9603.442,1907.7029,310.7627,93.0179,1684.5886
"006","5pm",8995.935,3706.4309,0,133.9248,803.5604
"007","5pm",8321.779,1100.1731,454.6485,466.0242,699.5018
"008","5pm",9665.933,2123.7562,82.435,70.496,1018.5214
"009","5pm",8541.718,1904.5453,357.3618,99.6643,664.6663
"010","5pm",8024.192,831.3106,0,168.5893,278.1662
"011","5pm",10498.238,1674.907,58.3404,165.8565,1857.084
"012","5pm",3822.619,470.7787,0,0,772.8426
"013","5pm",10157.316,3226.3513,513.1471,210.9224,1998.0043
"014","5pm",3152.073,1523.395,113.2562,37.661,481.3994
"015","5pm",9793.415,617.3196,0,164.9611,821.7884
"016","5pm",8792.212,1064.7282,1030.3851,154.9077,1811.932
"017","5pm",3201.627,2032.2734,95.7056,519.579,762.9135
"018","5pm",3985.499,1398.6915,0,35.3717,1253.6973
"019","5pm",6839.34,492.0158,0,0,1053.4116
"020","5pm",12602.505,1300.3279,168.3052,106.4121,1408.1514
"021","5pm",6969.644,2489.3819,154.1172,3132.6895,1282.9213
"022","5pm",7279.613,688.8096,0,90.9398,398.1112
"023","5pm",9437.372,9119.0828,696.1192,470.0416,1446.8136
"024","5pm",10885.615,2935.0268,7529.1272,132.0992,999.2204
"025","5pm",4113.439,4018.9135,45.6983,172.6434,755.8624
"026","5pm",4358.565,1075.7688,0,0,174.0205
"027","5pm",7630.926,1767.5862,62.3373,516.3126,854.8764
"028","5pm",6546.852,6523.3045,2913.2618,0,1171.9294
"029","5pm",5935.803,8679.2044,166.7746,115.6416,284.396
"030","5pm",9931.768,13311.6423,520.1244,1488.0967,1314.5979
"031","5pm",5797.436,1360.8387,181.4246,261.6326,951.216
"032","5pm",7587.802,3212.1065,103.0926,423.4785,698.1574
"033","5pm",5700.787,951.6174,597.6447,889.7396,706.212
"034","5pm",6315.881,1602.6477,0,368.6713,887.9216
"035","5pm",8457.895,1230.9047,792.05,248.8514,544.7048
"036","5pm",11284.926,1244.2221,0,635.4645,1227.372
"037","5pm",6672.562,2882.1695,736.7111,237.4459,280.3839
"038","5pm",8539.48,3695.1111,305.0444,388.9703,2000.9126
"039","5pm",5042.975,868.6986,0,252.8617,115.0304
"040","5pm",6578.86,863.9907,0,684.2621,1170.1014
"041","5pm",10100.288,1783.7158,116.8391,763.7496,1576.6362
"042","5pm",4769.904,1047.8348,73.7123,56.5957,468.7854
"043","5pm",9521.85,739.9111,0,252.6946,361.877
"044","5pm",5067.016,1486.7973,0,196.1145,475.293
"045","5pm",5148.148,773.2311,0,132.4882,303.9478
"046","5pm",5482.911,4403.2628,667.4973,809.7402,1136.94
"047","5pm",6670.911,1313.8684,292.8354,170.9502,684.4984
"048","5pm",3605.431,306.2681,0,40.2831,189.9259
"049","5pm",6539.311,2276.173,0,4317.9918,633.8748
"050","5pm",12671.963,1372.6726,149.4323,216.2284,701.6194
"051","5pm",11804.282,592.6322,0,536.3566,979.6557
"052","5pm",7762.087,107.6483,0,509.611,600.9079
"053","5pm",8182.143,613.1516,271.7254,0,1092.4634
"054","5pm",13134.92,2935.1691,49.2288,228.578,1722.2844
"055","5pm",6313.279,643.5564,0,116.8391,423.528
"056","5pm",4770.152,1362.3008,23.9264,1236.3474,897.7717
"057","5pm",8534.219,1089.1976,0,228.0623,278.8235
"058","5pm",5517.947,248.8866,51.9173,51.9173,109.5776
"059","5pm",7030.746,1081.8972,49.2288,132.7101,931.5841
"060","5pm",7538.757,490.1753,0,412.8877,233.5122
"061","5pm",9995.743,381.4197,0,698.0147,304.5653
"062","5pm",11294.56,1453.3668,0,187.7905,1187.9319
"063","5pm",3274.299,277.6684,0,0,215.5502
"064","5pm",8790.994,1674.3135,0,332.6815,296.4034
"065","5pm",6901.503,834.7824,0,258.5117,257.4388
"066","5pm",8809.884,1592.4393,0,332.6026,781.9764
"001","6pm",6090.127,1588.4574,206.7309,279.1323,1628.3674
"002","6pm",12611.004,4054.4337,2279.903,1792.8463,5199.3151
"003","6pm",15080.922,2337.1716,270.9271,405.471,1769.1984
"004","6pm",9441.981,2859.5095,432.2178,219.2355,3241.2326
"005","6pm",12170.496,426.608,149.2785,214.8276,1136.3466
"006","6pm",10587.126,1859.8513,0,661.5428,537.8464
"007","6pm",9667.168,209.7211,78.9432,132.7572,842.202
"008","6pm",12032.944,915.7169,82.435,286.7439,1358.2698
"009","6pm",10991.9,1310.406,173.2104,199.3286,744.5779
"010","6pm",9725.922,398.8925,0,168.5893,724.3013
"011","6pm",13217.733,916.7669,12.2087,393.1246,1329.7236
"012","6pm",4350.739,313.3518,23.9264,0,571.3094
"013","6pm",13772.979,2129.22,145.4225,157.0202,1664.692
"014","6pm",4099.369,553.4881,0,0,348.1164
"015","6pm",10806.773,508.1685,0,0,1229.8139
"016","6pm",11951.18,651.2826,156.4046,92.2798,1395.673
"017","6pm",4001.542,1308.4645,23.9264,377.2442,1067.4319
"018","6pm",4776.436,930.5537,0,300.7413,1099.0693
"019","6pm",8949.531,221.7591,0,0,484.5507
"020","6pm",13269.586,811.3217,168.3052,0,977.0613
"021","6pm",8519.445,1531.5776,0,2639.5553,1645.0027
"022","6pm",8846.325,412.3431,0,200.8162,378.6421
"023","6pm",11781.222,3631.2979,80.6944,320.8046,1213.1914
"024","6pm",14938.657,1952.2241,2450.5072,264.1984,1605.3729
"025","6pm",4752.288,1669.0865,0,42.7586,598.2688
"026","6pm",5310.388,474.0302,0,0,218.0424
"027","6pm",8420.818,707.7264,62.3373,584.7986,913.7365
"028","6pm",7938.015,2136.9323,667.9683,0,395.1648
"029","6pm",7296.276,3368.3002,0,138.0958,263.1529
"030","6pm",13975.303,5489.8765,0,1383.447,1549.1844
"031","6pm",7470.981,420.3044,12.2087,0,1169.1048
"032","6pm",9199.867,1483.0195,53.3067,367.3379,1252.667
"033","6pm",7257.367,647.4808,84.3361,1255.8823,761.4883
"034","6pm",8242.664,1126.1301,0,181.8004,591.1181
"035","6pm",10026.195,836.7425,0,394.473,846.439
"036","6pm",15096.222,708.5662,0,613.8316,2183.8618
"037","6pm",8327.195,1134.2021,0,107.8115,495.0319
"038","6pm",11917.219,1856.8343,0,579.4164,1696.6856
"039","6pm",5697.599,759.6297,0,251.879,449.0153
"040","6pm",7855.767,825.0209,0,299.0043,944.5921
"041","6pm",11935.361,945.1667,30.0296,822.1493,1826.102
"042","6pm",6165.87,418.306,0,49.7859,155.724
"043","6pm",12978.386,206.111,0,195.6149,398.0548
"044","6pm",6016.935,975.9159,0,37.9692,508.8044
"045","6pm",7367.311,597.0388,0,106.7061,617.5814
"046","6pm",6961.335,2030.8226,236.4438,1243.0751,1425.9403
"047","6pm",8901.417,813.9817,65.1883,169.1263,1125.9724
"048","6pm",4528.531,346.5512,0,0,289.8817
"049","6pm",8032.134,1482.5036,0,3988.2331,1144.3618
"050","6pm",15676.401,380.6836,149.4323,160.5044,950.5746
"051","6pm",15972.681,193.5447,0,149.4323,826.5568
"052","6pm",10183.972,58.3059,0,446.573,1149.7258
"053","6pm",11617.213,584.4512,0,118.8976,636.8231
"054","6pm",15061.003,1445.9796,0,440.9473,1861.3929
"055","6pm",9824.91,289.2445,0,126.1272,384.1027
"056","6pm",6389.698,891.7707,23.9264,425.3581,425.9793
"057","6pm",11961.838,515.9232,0,0,434.7766
"058","6pm",6812.334,64.4811,0,0,164.3664
"059","6pm",10036.468,844.2198,0,149.1605,557.6349
"060","6pm",9890.053,85.9604,0,0,405.1641
"061","6pm",11554.471,240.2982,0,0,370.5038
"062","6pm",14190.085,763.2941,0,187.7905,884.5003
"063","6pm",4156.752,239.522,0,0,471.3592
"064","6pm",11273.231,930.3169,0,91.2303,895.5095
"065","6pm",8144.907,491.9764,0,223.7847,637.9622
"066","6pm",10953.365,835.8931,0,88.2577,1074.0912
"001","7pm",7024.419,726.3704,0,36.2673,2338.4329
"002","7pm",13032.39,1442.6492,1284.3478,985.0888,7820.4871
"003","7pm",16585.06,889.8559,180.3791,74.4275,1684.7897
"004","7pm",10824.055,1263.3533,91.9215,256.464,4820.4483
"005","7pm",13035.92,240.3355,149.2785,49.2288,1296.1733
"006","7pm",12084.044,561.3132,0,0,889.2261
"007","7pm",10743.16,0,78.9432,70.0353,521.991
"008","7pm",13287.139,265.1595,0,0,1035.1985
"009","7pm",12032.437,461.9407,0,0,573.1057
"010","7pm",10649.346,74.0786,0,103.401,761.6302
"011","7pm",14782.363,647.5276,12.2087,0,1457.5463
"012","7pm",4900.678,313.3518,0,0,1258.2462
"013","7pm",15243.971,1529.8731,69.4492,91.3966,1990.6092
"014","7pm",4688.595,150.4557,0,0,449.4584
"015","7pm",11667.154,275.2881,0,0,1136.0119
"016","7pm",13320.854,560.1442,0,0,2181.934
"017","7pm",4422.213,728.9249,0,213.1118,526.5243
"018","7pm",5049.538,565.171,0,206.632,1271.0738
"019","7pm",10028.724,140.9355,0,49.3424,761.0431
"020","7pm",15321.728,314.287,168.3052,0,1388.4084
"021","7pm",9197.113,976.1924,0,926.8061,1312.7404
"022","7pm",11102.505,218.9341,0,83.7689,645.8506
"023","7pm",14097.273,1028.326,24.4174,70.496,1406.8836
"024","7pm",15607.166,848.1156,759.2196,79.0175,1596.8415
"025","7pm",4946.643,645.8564,0,0,514.8985
"026","7pm",5812.983,0,0,0,415.3657
"027","7pm",9482.853,206.2888,62.3373,259.1733,931.6478
"028","7pm",9237.979,668.9965,74.7044,0,189.8718
"029","7pm",8369.69,751.2466,70.0353,44.0219,563.2795
"030","7pm",15202.224,2287.7383,0,815.6614,2418.1172
"031","7pm",8104.825,116.8391,12.2087,35.3717,718.0675
"032","7pm",10183.051,961.3867,53.3067,0,1049.753
"033","7pm",8172.74,273.5276,0,109.8007,533.3643
"034","7pm",9136.777,457.7826,0,153.9778,858.2323
"035","7pm",11099.423,78.9816,0,0,363.2516
"036","7pm",17279.639,299.2464,0,0,1497.1594
"037","7pm",8956.184,381.36,0,114.6446,455.9129
"038","7pm",13106.945,1047.1927,0,226.2765,1064.2295
"039","7pm",6467.487,398.2967,0,0,423.8964
"040","7pm",9355.266,516.0985,0,59.6761,907.1546
"041","7pm",13359.544,189.0369,30.0296,0,1603.5006
"042","7pm",7998.682,108.4472,0,0,279.3056
"043","7pm",13793.509,152.8043,0,95.6181,1147.5082
"044","7pm",7106.358,406.2365,0,0,306.6299
"045","7pm",8691.838,311.8006,0,0,243.8419
"046","7pm",8245.037,651.0942,24.4174,561.2951,1502.5383
"047","7pm",9924.593,466.2238,0,0,485.1044
"048","7pm",5388.993,116.0443,0,66.6178,186.177
"049","7pm",9174.599,1074.4235,0,1130.6553,1525.3014
"050","7pm",16681.124,288.0614,0,0,852.8529
"051","7pm",16694.737,116.5558,0,107.8115,1257.279
"052","7pm",11999.159,58.3059,0,0,1167.3841
"053","7pm",12656.701,465.5536,0,0,162.2955
"054","7pm",16942.287,620.2639,0,154.1172,1734.0729
"055","7pm",11553.434,289.2445,0,0,545.1964
"056","7pm",7516.453,384.2239,0,156.5118,270.7269
"057","7pm",12944.62,106.0739,0,0,578.5019
"058","7pm",8062.764,0,0,0,359.3205
"059","7pm",11857.322,396.548,0,0,596.3362
"060","7pm",11128.112,85.9604,0,0,727.43
"061","7pm",12593.859,88.0136,0,0,230.5794
"062","7pm",16251.402,505.3524,0,0,1110.915
"063","7pm",4539.16,206.4324,0,0,0
"064","7pm",13979.037,463.2769,0,0,970.1861
"065","7pm",9794.695,179.8531,0,0,467.3812
"066","7pm",12641.055,585.128,0,0,512.8256
"001","8pm",7537.156,230.3044,0,0,3256.001
"002","8pm",13305.736,600.5211,251.5288,544.7613,8507.405
"003","8pm",17492.629,364.6469,95.5009,0,2400.7451
"004","8pm",10897.672,974.9114,91.9215,149.2757,5125.4365
"005","8pm",14078.771,140.6712,0,0,1532.9581
"006","8pm",12608.656,581.723,0,0,824.7621
"007","8pm",11476.099,44.4352,78.9432,70.0353,828.9765
"008","8pm",13765.116,104.1844,0,46.1399,1338.78
"009","8pm",12691.728,77.799,0,0,839.1148
"010","8pm",11552.755,74.0786,0,0,725.3311
"011","8pm",15602.034,486.7698,12.2087,0,1953.0526
"012","8pm",4890.908,313.3518,0,0,1112.7339
"013","8pm",15078.361,756.1054,69.4492,35.8843,1876.4213
"014","8pm",5077.675,117.129,0,0,166.0167
"015","8pm",12270.896,0,0,0,1033.0595
"016","8pm",13759.795,439.0375,0,0,2492.8479
"017","8pm",5055.539,431.8611,0,0,250.0644
"018","8pm",5344.26,425.5568,0,0,890.4393
"019","8pm",10212.651,76.0473,0,0,926.7668
"020","8pm",16174.576,187.6656,68.6409,0,942.2807
"021","8pm",9846.474,228.9982,0,601.2761,1220.9509
"022","8pm",11703.004,0,0,0,680.6841
"023","8pm",14314.574,776.6449,12.2087,0,1007.599
"024","8pm",16345.78,701.2857,523.3593,0,1318.0076
"025","8pm",4870.564,303.1703,0,0,678.0893
"026","8pm",6057.499,0,0,0,308.4724
"027","8pm",10503.49,84.8656,62.3373,0,1204.0621
"028","8pm",9341.997,578.9024,0,0,248.038
"029","8pm",8693.795,274.4617,36.7224,0,970.0581
"030","8pm",15390.551,1570.659,0,88.0136,2244.2027
"031","8pm",8360.942,116.8391,0,0,724.188
"032","8pm",10763.035,443.9164,0,0,1072.9413
"033","8pm",8321.904,160.3022,0,249.8084,612.7711
"034","8pm",8900.953,376.3767,0,0,1352.0351
"035","8pm",11146.518,128.9034,0,0,444.0558
"036","8pm",18493.775,304.7832,0,0,1444.4837
"037","8pm",9385.995,295.3085,0,0,496.6473
"038","8pm",14152.924,902.5326,0,0,993.2526
"039","8pm",6683.813,248.0758,0,0,294.774
"040","8pm",9834.323,346.4985,0,0,826.8679
"041","8pm",14008.763,110.0937,0,0,1321.2538
"042","8pm",8317.383,112.8732,0,0,289.7631
"043","8pm",14519.501,94.5402,0,0,1126.4719
"044","8pm",7683.765,234.8073,0,0,278.8509
"045","8pm",8992.218,275.0782,0,0,140.7667
"046","8pm",8679.13,363.9571,12.2087,130.4678,1631.8999
"047","8pm",11040.704,229.9964,0,85.9243,301.7288
"048","8pm",5719.758,40.2831,0,0,103.152
"049","8pm",9504.594,395.1404,0,196.5125,1773.9015
"050","8pm",18350.281,38.1464,0,0,779.5124
"051","8pm",17805.557,124.8374,0,0,1275.0541
"052","8pm",12544.581,0,0,0,785.3518
"053","8pm",13280.117,104.6553,0,0,79.8293
"054","8pm",18255.672,478.8839,0,0,1235.3988
"055","8pm",11663.107,180.5008,0,0,1010.8212
"056","8pm",7898.944,153.1147,0,0,414.7245
"057","8pm",13682.076,0,0,0,804.9139
"058","8pm",8324.229,0,0,0,426.06
"059","8pm",12385.085,306.2913,0,0,354.6951
"060","8pm",11557.63,0,0,0,447.4435
"061","8pm",14389.147,88.0136,0,0,616.8295
"062","8pm",16920.516,274.2697,0,0,765.7359
"063","8pm",4714.466,206.4324,0,0,105.9362
"064","8pm",14227.201,321.4912,0,0,830.8889
"065","8pm",10087.952,42.2592,0,0,184.2051
"066","8pm",12955.651,331.4649,0,0,417.042
"001","9pm",7876.718,152.746,0,0,2976.2984
"002","9pm",13723.774,520.6288,178.9479,0,8934.6939
"003","9pm",17710.132,328.3796,58.7727,0,2496.9235
"004","9pm",10868.118,770.8787,91.9215,169.426,5188.779
"005","9pm",14214.806,68.2581,0,0,1549.0993
"006","9pm",13203.738,477.4625,0,0,686.6978
"007","9pm",11914.58,44.4352,0,70.0353,792.7092
"008","9pm",13493.603,60.8937,0,0,1174.4973
"009","9pm",13233.377,230.6268,0,0,543.6745
"010","9pm",11268.879,74.0786,0,0,544.7437
"011","9pm",15548.604,192.5139,0,0,1869.7427
"012","9pm",5075.675,80.8206,0,0,924.0563
"013","9pm",16044.232,548.6764,0,35.8843,1771.4846
"014","9pm",5114.01,51.1472,0,0,157.1287
"015","9pm",12710.202,0,0,0,697.2383
"016","9pm",14464.457,439.0375,0,0,2304.3965
"017","9pm",5378.571,330.0277,0,0,116.7279
"018","9pm",5588.166,425.5568,0,0,744.0694
"019","9pm",10658.111,76.0473,0,0,840.4064
"020","9pm",16700.094,187.6656,68.6409,0,513.2952
"021","9pm",10577.334,102.7502,0,174.9712,926.0906
"022","9pm",12037.36,0,0,0,582.5479
"023","9pm",14624.944,500.9173,0,0,1100.9216
"024","9pm",17365.324,487.9406,453.281,0,1332.7746
"025","9pm",5195.472,69.8178,0,0,367.4803
"026","9pm",6364.677,0,0,0,274.3032
"027","9pm",10640.532,84.8656,62.3373,0,1008.3713
"028","9pm",9566.954,310.4867,0,0,278.605
"029","9pm",8839.009,238.5774,36.7224,0,908.5934
"030","9pm",15645.623,962.9049,0,79.8293,1590.3338
"031","9pm",8471.817,0,0,0,456.1625
"032","9pm",10954.419,145.1061,0,0,926.9173
"033","9pm",8523.43,96.1774,0,0,554.4307
"034","9pm",9151.689,123.5285,0,0,1446.1246
"035","9pm",12054.995,128.9034,0,0,203.6835
"036","9pm",19131.477,188.914,0,0,1042.2967
"037","9pm",9735.962,160.7164,0,0,382.1696
"038","9pm",14244.196,860.3358,0,0,1043.7247
"039","9pm",6788.32,248.0758,0,0,300.9152
"040","9pm",10353.308,211.8592,0,0,623.5902
"041","9pm",14426.929,110.0937,30.0296,0,958.3388
"042","9pm",8416.511,124.1357,0,0,181.922
"043","9pm",14986.757,94.5402,0,0,878.6209
"044","9pm",7825.652,234.8073,0,0,166.9676
"045","9pm",9338.046,275.0782,0,0,54.7888
"046","9pm",8934.763,152.0997,0,116.6808,1444.8171
"047","9pm",11278.151,85.9243,0,0,385.2332
"048","9pm",5873.15,0,0,0,227.9894
"049","9pm",9638.865,254.1447,0,0,796.6369
"050","9pm",18836.737,38.1464,0,0,643.3798
"051","9pm",18060.364,251.7825,0,0,714.2778
"052","9pm",13690.298,0,0,0,240.9448
"053","9pm",13175.825,104.6553,0,0,538.3127
"054","9pm",18411.172,396.4177,0,102.9751,1288.245
"055","9pm",12090.118,0,0,0,624.0407
"056","9pm",8006.984,153.1147,0,0,320.4309
"057","9pm",13707.287,0,0,0,875.6082
"058","9pm",8676.864,0,0,0,176.3171
"059","9pm",12970.86,306.2913,0,0,255.2344
"060","9pm",11679.776,0,0,0,447.4435
"061","9pm",14321.188,88.0136,0,0,475.4495
"062","9pm",17531.458,149.4323,0,0,496.7692
"063","9pm",4811.899,206.4324,0,0,105.9362
"064","9pm",14534.287,233.016,0,0,971.6353
"065","9pm",10463.829,42.2592,0,0,85.3423
"066","9pm",13740.224,178.5562,0,0,417.042
"001","10pm",8355.779,152.746,0,0,2609.1551
"002","10pm",14650.506,215.2042,85.93,0,6712.9456
"003","10pm",18485.838,328.3796,0,0,1218.3014
"004","10pm",11668.929,694.9054,91.9215,0,4260.5095
"005","10pm",14810.031,0,0,0,1294.9263
"006","10pm",13373.429,414.7406,0,0,544.8191
"007","10pm",12334.192,44.4352,0,70.0353,500.2982
"008","10pm",14121.566,60.8937,0,0,916.1608
"009","10pm",13934.217,188.7121,0,0,658.9462
"010","10pm",11695.81,74.0786,0,0,618.0461
"011","10pm",16135.423,120.6747,0,0,1301.629
"012","10pm",5294.688,80.8206,0,0,580.7819
"013","10pm",16322.486,310.9066,0,0,945.9058
"014","10pm",5142.7,0,0,0,157.1287
"015","10pm",13161.147,0,0,0,363.5884
"016","10pm",15043.627,349.6347,0,0,2090.2506
"017","10pm",5641.935,330.0277,0,0,116.7279
"018","10pm",5658.91,425.5568,0,0,454.9335
"019","10pm",10819.495,76.0473,0,0,619.479
"020","10pm",17118.993,187.6656,68.6409,0,236.8034
"021","10pm",10822.298,58.315,0,0,881.4592
"022","10pm",12539.874,0,0,0,432.0148
"023","10pm",15141.72,417.1484,0,0,910.5186
"024","10pm",17855.07,251.5186,63.672,0,904.2554
"025","10pm",5286.767,69.8178,0,0,0
"026","10pm",6506.093,0,0,0,240.134
"027","10pm",10623.398,60.9392,62.3373,0,767.4722
"028","10pm",9729.271,310.4867,0,0,238.1955
"029","10pm",8996.134,238.5774,0,0,555.7102
"030","10pm",16153.563,717.4107,0,0,908.9809
"031","10pm",9066.089,0,0,0,231.3181
"032","10pm",11296.743,55.6149,0,0,382.3737
"033","10pm",8523.43,96.1774,0,0,396.5105
"034","10pm",9779.38,77.9869,0,0,1072.9867
"035","10pm",12127.668,128.9034,0,0,276.3562
"036","10pm",19475.246,188.914,0,0,927.4068
"037","10pm",10627.233,160.7164,0,0,347.6985
"038","10pm",14653.149,985.5487,0,0,525.8289
"039","10pm",7047.326,133.0454,0,0,261.4473
"040","10pm",10513.614,169.6,0,0,490.3211
"041","10pm",14735.001,79.4707,30.0296,0,689.3676
"042","10pm",8516.083,124.1357,0,0,181.922
"043","10pm",15079.914,94.5402,0,0,525.7164
"044","10pm",8019.687,234.8073,0,0,166.9676
"045","10pm",9533.602,207.1,0,0,0
"046","10pm",9207.037,152.0997,0,0,1082.4445
"047","10pm",11662.801,85.9243,0,0,274.3412
"048","10pm",5942.993,0,0,0,158.1463
"049","10pm",9951.851,78.5623,0,0,468.4868
"050","10pm",19012.319,38.1464,0,0,526.768
"051","10pm",18565.623,251.7825,0,0,472.4704
"052","10pm",13991.548,0,0,0,222.4873
"053","10pm",13967.668,104.6553,0,0,0
"054","10pm",19049.196,297.6616,0,0,604.8124
"055","10pm",12619.786,0,0,0,383.0697
"056","10pm",8006.984,153.1147,0,0,214.357
"057","10pm",14188.623,0,0,0,809.2707
"058","10pm",9145.896,0,0,0,64.4811
"059","10pm",13246.276,306.2913,0,0,205.5346
"060","10pm",11679.776,0,0,0,447.4435
"061","10pm",14858.523,0,0,0,35.3717
"062","10pm",17866.488,149.4323,0,0,399.3711
"063","10pm",5063.497,22.7125,0,0,29.6434
"064","10pm",14515.971,141.7857,0,0,880.405
"065","10pm",10638.746,0,0,0,0
"066","10pm",13948.745,178.5562,0,0,208.521
"001","11pm",8931.422,99.6643,0,0,1599.8976
"002","11pm",15271.54,215.2042,0,0,3544.2787
"003","11pm",19340.141,148.2506,0,0,632.3295
"004","11pm",12640.556,596.1493,91.9215,0,2054.2618
"005","11pm",15436.117,0,0,0,649.7732
"006","11pm",14419.464,356.4002,0,0,420.0006
"007","11pm",12779.987,44.4352,0,70.0353,159.1599
"008","11pm",15527.879,60.8937,0,0,570.5117
"009","11pm",14474.523,152.8278,0,0,440.7898
"010","11pm",12111.649,74.0786,0,0,421.32
"011","11pm",16796.013,44.7014,0,0,970.1354
"012","11pm",5412.609,0,0,0,427.1621
"013","11pm",16847.093,310.9066,0,0,827.7244
"014","11pm",5226.06,0,0,0,157.1287
"015","11pm",13380.485,0,0,0,0
"016","11pm",15468.279,149.7922,0,0,884.1795
"017","11pm",5659.923,288.113,0,0,116.7279
"018","11pm",5865.097,332.5321,0,0,334.807
"019","11pm",11193.223,76.0473,0,0,498.5606
"020","11pm",17671.141,187.6656,68.6409,0,88.3367
"021","11pm",11418.105,58.315,0,0,389.2463
"022","11pm",12674.042,0,0,0,101.3234
"023","11pm",15458.85,417.1484,0,0,688.3377
"024","11pm",18651.394,172.5011,0,0,984.5642
"025","11pm",5329.526,69.8178,0,0,0
"026","11pm",6668.111,0,0,0,240.134
"027","11pm",10701.045,60.9392,62.3373,0,516.0943
"028","11pm",9751.883,310.4867,0,0,22.6112
"029","11pm",9369.403,238.5774,0,0,329.5303
"030","11pm",17108.31,527.3844,0,0,358.868
"031","11pm",9435.813,0,0,0,75.4289
"032","11pm",11518.049,0,0,0,272.2981
"033","11pm",8767.826,96.1774,0,0,212.0849
"034","11pm",9998.951,77.9869,0,0,666.066
"035","11pm",12401.669,42.2592,0,0,108.4764
"036","11pm",19868.06,188.914,0,0,251.2453
"037","11pm",10936.627,68.2996,0,0,262.5894
"038","11pm",14820.678,985.5487,0,0,170.8594
"039","11pm",7447.095,133.0454,0,0,73.8539
"040","11pm",10683.214,169.6,0,0,490.3211
"041","11pm",14932.979,79.4707,0,0,467.3317
"042","11pm",8516.083,47.1468,0,0,58.3404
"043","11pm",15351.994,94.5402,0,0,450.2875
"044","11pm",8192.962,234.8073,0,0,106.0739
"045","11pm",9792.412,152.3112,0,0,0
"046","11pm",9447.621,107.3983,0,0,469.2603
"047","11pm",11966.868,85.9243,0,0,136.7004
"048","11pm",6082.68,0,0,0,158.1463
"049","11pm",9951.851,78.5623,0,0,326.0166
"050","11pm",19133.933,38.1464,0,0,359.3023
"051","11pm",19146.307,251.7825,0,0,208.1167
"052","11pm",13991.548,0,0,0,222.4873
"053","11pm",14072.323,104.6553,0,0,89.2833
"054","11pm",19363.443,297.6616,0,0,295.1946
"055","11pm",13066.955,108.7437,0,0,79.9134
"056","11pm",8256.465,153.1147,0,0,152.7614
"057","11pm",14490.464,0,0,0,302.7055
"058","11pm",9365.37,0,0,0,0
"059","11pm",13674.249,306.2913,0,0,0
"060","11pm",11797.299,0,0,0,241.4933
"061","11pm",15167.449,0,0,0,35.3717
"062","11pm",18266.147,149.4323,0,0,205.9502
"063","11pm",5129.676,22.7125,0,0,29.6434
"064","11pm",15235.481,141.7857,0,0,527.7883
"065","11pm",10876.61,0,0,0,0
"066","11pm",14176.587,178.5562,0,0,104.2605
"001","12pm",9224.235,0,0,0,889.8048
"002","12pm",16244.63,58.5205,0,0,2243.3101
"003","12pm",20077.338,72.8217,0,0,338.9323
"004","12pm",13020.423,596.1493,91.9215,0,1552.271
"005","12pm",15976.76,0,0,0,434.7097
"006","12pm",14327.542,356.4002,0,0,420.0006
"007","12pm",12779.987,44.4352,0,70.0353,159.1599
"008","12pm",15973.621,60.8937,0,0,87.1966
"009","12pm",14702.857,152.8278,0,0,131.9634
"010","12pm",12552.536,74.0786,0,0,241.6786
"011","12pm",16913.557,44.7014,0,0,771.0362
"012","12pm",5549.611,0,0,0,453.4534
"013","12pm",16961.263,310.9066,0,0,657.1481
"014","12pm",5226.06,0,0,0,114.9319
"015","12pm",13555.121,0,0,0,0
"016","12pm",15844.379,42.7586,0,0,766.8004
"017","12pm",5731.702,288.113,0,0,116.7279
"018","12pm",5900.469,0,0,0,287.9839
"019","12pm",11347.504,0,0,0,423.1927
"020","12pm",17893.814,106.8032,68.6409,0,88.3367
"021","12pm",11476.42,58.315,0,0,389.2463
"022","12pm",12835.477,0,0,0,23.9264
"023","12pm",15997.553,315.8619,0,0,556.2192
"024","12pm",19032.333,172.5011,0,0,861.4784
"025","12pm",5591.779,69.8178,0,0,154.1172
"026","12pm",6807.733,0,0,0,0
"027","12pm",10701.045,60.9392,62.3373,0,255.6152
"028","12pm",9751.883,310.4867,0,0,22.6112
"029","12pm",9369.403,35.8843,0,0,283.3904
"030","12pm",17253.436,529.8501,0,0,159.8268
"031","12pm",9944.477,0,0,0,0
"032","12pm",11594.096,0,0,0,272.2981
"033","12pm",8958.915,96.1774,0,0,115.9075
"034","12pm",10275.214,77.9869,0,0,329.9049
"035","12pm",12490.952,42.2592,0,0,108.4764
"036","12pm",20118.315,188.914,0,0,239.0366
"037","12pm",11004.927,68.2996,0,0,262.5894
"038","12pm",14955.27,401.5907,0,0,170.8594
"039","12pm",7486.563,57.6775,0,0,0
"040","12pm",10742.89,169.6,0,0,372.3046
"041","12pm",14932.979,79.4707,0,0,126.631
"042","12pm",8516.083,47.1468,0,0,0
"043","12pm",15436.289,94.5402,0,0,450.2875
"044","12pm",8243.046,234.8073,0,0,0
"045","12pm",10010.691,85.1091,0,0,0
"046","12pm",9484.247,107.3983,0,0,95.8397
"047","12pm",12052.792,85.9243,0,0,136.7004
"048","12pm",6199.013,0,0,0,158.1463
"049","12pm",10150.809,78.5623,0,0,42.1968
"050","12pm",19133.933,0,0,0,359.3023
"051","12pm",19377.183,251.7825,0,0,123.8209
"052","12pm",14142.284,0,0,0,222.4873
"053","12pm",14072.323,104.6553,0,0,89.2833
"054","12pm",19740.958,161.7542,0,0,82.4662
"055","12pm",13175.699,0,0,0,79.9134
"056","12pm",8391.706,153.1147,0,0,70.496
"057","12pm",15182.559,0,0,0,129.4295
"058","12pm",9417.287,0,0,0,0
"059","12pm",13674.249,306.2913,0,0,0
"060","12pm",12110.243,0,0,0,0
"061","12pm",15708.829,0,0,0,0
"062","12pm",18266.147,149.4323,0,0,205.9502
"063","12pm",5235.613,22.7125,0,0,0
"064","12pm",15568.162,141.7857,0,0,0
"065","12pm",10996.135,0,0,0,0
"066","12pm",14280.848,178.5562,0,0,104.2605
"001","1am",9224.235,0,0,0,693.136
"002","1am",16404.595,58.5205,0,0,1056.6406
"003","1am",20336.888,72.8217,0,0,120.2796
"004","1am",13324.316,543.0676,0,0,1158.3763
"005","1am",15976.76,0,0,0,336.5379
"006","1am",14671.044,356.4002,0,0,420.0006
"007","1am",12850.022,44.4352,0,70.0353,0
"008","1am",16080.033,0,0,0,87.1966
"009","1am",14916.637,152.8278,0,0,86.2651
"010","1am",12682.913,74.0786,0,0,127.5092
"011","1am",17067.535,44.7014,0,0,771.0362
"012","1am",5585.879,0,0,0,396.9413
"013","1am",17288.358,310.9066,0,0,466.8514
"014","1am",5346.147,0,0,0,114.9319
"015","1am",13403.23,0,0,0,0
"016","1am",15844.379,42.7586,0,0,666.9356
"017","1am",5755.629,288.113,0,0,116.7279
"018","1am",5943.76,0,0,0,520.649
"019","1am",11347.504,0,0,0,386.4703
"020","1am",18116.486,106.8032,68.6409,0,46.1399
"021","1am",11476.42,58.315,0,0,106.8607
"022","1am",12835.477,0,0,0,23.9264
"023","1am",15938.781,315.8619,0,0,332.8746
"024","1am",19281.978,172.5011,0,0,861.0461
"025","1am",5749.363,36.7282,0,0,0
"026","1am",6807.733,0,0,0,0
"027","1am",10701.045,60.9392,62.3373,0,0
"028","1am",9923.244,310.4867,0,0,22.6112
"029","1am",9551.339,35.8843,0,0,35.8843
"030","1am",17333.349,529.8501,0,0,79.9134
"031","1am",10166.437,0,0,0,0
"032","1am",11831.756,0,0,0,272.2981
"033","1am",8958.915,96.1774,0,0,115.9075
"034","1am",10396.955,77.9869,0,0,329.9049
"035","1am",12652.908,42.2592,0,0,35.8037
"036","1am",20118.315,188.914,0,0,239.0366
"037","1am",11004.927,68.2996,0,0,262.5894
"038","1am",15089.862,125.2129,0,0,170.8594
"039","1am",7486.563,57.6775,0,0,0
"040","1am",11117.185,109.9239,0,0,166.8203
"041","1am",15020.863,79.4707,0,0,56.5957
"042","1am",8516.083,131.4426,0,0,0
"043","1am",15351.994,94.5402,0,0,294.0007
"044","1am",8243.046,234.8073,0,0,0
"045","1am",10010.691,0,0,0,0
"046","1am",9591.645,12.2087,0,0,95.8397
"047","1am",12052.792,85.9243,0,0,75.7612
"048","1am",6199.013,0,0,0,33.3089
"049","1am",10267.85,35.8037,0,0,42.1968
"050","1am",19485.098,0,0,0,359.3023
"051","1am",19504.128,251.7825,0,0,123.8209
"052","1am",14142.284,0,0,0,222.4873
"053","1am",14356.153,104.6553,0,0,0
"054","1am",19740.958,79.288,0,0,154.1172
"055","1am",13175.699,0,0,0,79.9134
"056","1am",8452.599,153.1147,0,0,70.496
"057","1am",15311.988,0,0,0,0
"058","1am",9521.122,0,0,0,0
"059","1am",13674.249,306.2913,0,0,0
"060","1am",12110.243,0,0,0,0
"061","1am",15914.78,0,0,0,0
"062","1am",18364.654,149.4323,0,0,0
"063","1am",5268.702,22.7125,0,0,0
"064","1am",16192.639,0,0,0,0
"065","1am",10996.135,0,0,0,0
"066","1am",14385.108,178.5562,0,0,0
"001","2am",9363.133,0,0,0,443.1931
"002","2am",16604.351,58.5205,0,0,946.7092
"003","2am",20262.46,72.8217,0,0,120.2796
"004","2am",13324.316,164.3574,0,0,615.9334
"005","2am",16162.796,0,0,0,277.7652
"006","2am",14762.965,264.4787,0,0,303.8258
"007","2am",12912.744,44.4352,0,70.0353,0
"008","2am",16292.857,0,0,0,87.1966
"009","2am",14916.637,152.8278,0,0,42.1968
"010","2am",12955.211,74.0786,0,0,127.5092
"011","2am",17144.524,0,0,0,701.587
"012","2am",5658.413,0,0,0,193.0864
"013","2am",17402.527,310.9066,0,0,261.5584
"014","2am",5346.147,0,0,0,72.6727
"015","2am",13366.748,0,0,0,0
"016","2am",15844.379,123.9424,0,0,855.0244
"017","2am",5803.482,264.1866,0,0,116.7279
"018","2am",5943.76,0,0,0,445.6858
"019","2am",11419.343,0,0,0,198.3815
"020","2am",18544.451,106.8032,68.6409,0,46.1399
"021","2am",11476.42,58.315,0,0,106.8607
"022","2am",12835.477,0,0,0,23.9264
"023","2am",15938.781,315.8619,0,0,332.8746
"024","2am",19729.342,172.5011,0,0,779.4672
"025","2am",5749.363,36.7282,0,0,0
"026","2am",6807.733,0,0,0,0
"027","2am",10701.045,60.9392,62.3373,0,0
"028","2am",9945.855,152.7385,0,0,0
"029","2am",9593.598,35.8843,0,0,35.8843
"030","2am",17413.263,413.9809,0,0,0
"031","2am",10242.376,0,0,0,0
"032","2am",11831.756,0,0,0,272.2981
"033","2am",8958.915,96.1774,0,0,44.0683
"034","2am",10396.955,77.9869,0,0,255.4774
"035","2am",12652.908,42.2592,0,0,35.8037
"036","2am",20118.315,188.914,0,0,239.0366
"037","2am",11004.927,68.2996,0,0,262.5894
"038","2am",15382.202,125.2129,0,0,36.2673
"039","2am",7565.499,57.6775,0,0,0
"040","2am",11117.185,109.9239,0,0,87.8845
"041","2am",15020.863,79.4707,0,0,56.5957
"042","2am",8516.083,131.4426,0,0,0
"043","2am",15351.994,94.5402,0,0,96.2751
"044","2am",8243.046,234.8073,0,0,0
"045","2am",10010.691,0,0,0,0
"046","2am",9641.345,12.2087,0,0,46.1399
"047","2am",12052.792,85.9243,0,0,75.7612
"048","2am",6199.013,0,0,0,33.3089
"049","2am",10267.85,35.8037,0,0,42.1968
"050","2am",19485.098,0,0,0,359.3023
"051","2am",19504.128,251.7825,0,0,123.8209
"052","2am",14364.771,0,0,0,0
"053","2am",14356.153,104.6553,0,0,0
"054","2am",20011.25,79.288,0,0,0
"055","2am",13175.699,0,0,0,79.9134
"056","2am",8511.822,153.1147,0,0,70.496
"057","2am",15311.988,0,0,0,0
"058","2am",9521.122,0,0,0,0
"059","2am",13574.788,405.752,0,0,0
"060","2am",12110.243,0,0,0,0
"061","2am",15914.78,0,0,0,0
"062","2am",18364.654,149.4323,0,0,0
"063","2am",5268.702,22.7125,0,0,0
"064","2am",16317.476,0,0,0,0
"065","2am",11193.86,0,0,0,0
"066","2am",14296.85,266.8139,0,0,0
"001","3am",9363.133,0,0,0,443.1931
"002","3am",16690.281,58.5205,0,0,720.7598
"003","3am",20262.46,72.8217,0,0,101.6311
"004","3am",13324.316,164.3574,0,0,457.6165
"005","3am",16162.796,0,0,0,277.7652
"006","3am",14762.965,264.4787,0,0,303.8258
"007","3am",12912.744,44.4352,0,70.0353,0
"008","3am",16487.653,0,0,0,87.1966
"009","3am",15001.746,152.8278,0,0,42.1968
"010","3am",13033.871,74.0786,0,0,127.5092
"011","3am",17221.513,0,0,0,616.4779
"012","3am",5710.318,0,0,0,134.746
"013","3am",17402.527,310.9066,0,0,261.5584
"014","3am",5346.147,0,0,0,72.6727
"015","3am",13366.748,0,0,0,0
"016","3am",15844.379,123.9424,0,0,855.0244
"017","3am",5803.482,221.428,0,0,116.7279
"018","3am",5943.76,0,0,0,445.6858
"019","3am",11419.343,0,0,0,198.3815
"020","3am",18544.451,106.8032,68.6409,0,46.1399
"021","3am",11476.42,58.315,0,0,106.8607
"022","3am",12903.735,0,0,0,23.9264
"023","3am",16055.461,315.8619,0,0,253.8571
"024","3am",19729.342,172.5011,0,0,779.4672
"025","3am",5834.318,36.7282,0,0,0
"026","3am",6807.733,0,0,0,0
"027","3am",10701.045,60.9392,62.3373,0,0
"028","3am",9945.855,74.0786,0,0,0
"029","3am",9593.598,35.8843,0,0,35.8843
"030","3am",17413.263,368.6613,0,0,0
"031","3am",10242.376,0,0,0,0
"032","3am",11831.756,0,0,0,272.2981
"033","3am",8958.915,96.1774,0,0,44.0683
"034","3am",10396.955,77.9869,0,0,197.137
"035","3am",12652.908,42.2592,0,0,35.8037
"036","3am",20118.315,188.914,0,0,239.0366
"037","3am",11004.927,68.2996,0,0,120.8037
"038","3am",15382.202,125.2129,0,0,36.2673
"039","3am",7565.499,57.6775,0,0,0
"040","3am",11117.185,109.9239,0,0,87.8845
"041","3am",14910.77,79.4707,0,0,56.5957
"042","3am",8516.083,306.0174,0,0,0
"043","3am",15351.994,94.5402,0,0,96.2751
"044","3am",8243.046,234.8073,0,0,0
"045","3am",10010.691,0,0,0,0
"046","3am",9641.345,12.2087,0,0,46.1399
"047","3am",12052.792,85.9243,0,0,75.7612
"048","3am",6199.013,0,0,0,33.3089
"049","3am",10267.85,35.8037,0,0,0
"050","3am",19485.098,0,0,0,359.3023
"051","3am",19504.128,251.7825,0,0,123.8209
"052","3am",14364.771,0,0,0,0
"053","3am",14356.153,104.6553,0,0,0
"054","3am",20011.25,79.288,0,0,0
"055","3am",13175.699,0,0,0,79.9134
"056","3am",8511.822,153.1147,0,0,70.496
"057","3am",15311.988,0,0,0,0
"058","3am",9392.159,0,0,0,0
"059","3am",13574.788,405.752,0,0,0
"060","3am",12110.243,0,0,0,0
"061","3am",15914.78,0,0,0,0
"062","3am",18364.654,149.4323,0,0,0
"063","3am",5268.702,22.7125,0,0,0
"064","3am",16459.262,0,0,0,0
"065","3am",11193.86,0,0,0,0
"066","3am",14296.85,266.8139,0,0,0
